[0.000000] (-) TimerEvent: {}
[0.000198] (example_pkg) JobQueued: {'identifier': 'example_pkg', 'dependencies': OrderedDict()}
[0.000304] (milo_bringup) JobQueued: {'identifier': 'milo_bringup', 'dependencies': OrderedDict()}
[0.000336] (milo_description) JobQueued: {'identifier': 'milo_description', 'dependencies': OrderedDict()}
[0.000357] (milo_simulation) JobQueued: {'identifier': 'milo_simulation', 'dependencies': OrderedDict()}
[0.000399] (example_pkg) JobStarted: {'identifier': 'example_pkg'}
[0.003688] (milo_bringup) JobStarted: {'identifier': 'milo_bringup'}
[0.005674] (milo_description) JobStarted: {'identifier': 'milo_description'}
[0.007503] (milo_simulation) JobStarted: {'identifier': 'milo_simulation'}
[0.009505] (example_pkg) JobProgress: {'identifier': 'example_pkg', 'progress': 'cmake'}
[0.009701] (example_pkg) Command: {'cmd': ['/usr/bin/cmake', '/root/milo_ws/src/example_pkg', '-DCMAKE_INSTALL_PREFIX=/root/milo_ws/install/example_pkg'], 'cwd': '/root/milo_ws/build/example_pkg', 'env': OrderedDict({'PYTHONBUFFERED': '1', 'GZ_SIM_RESOURCE_PATH': '/opt/ros/jazzy/share', 'GZ_CONFIG_PATH': '/opt/ros/jazzy/opt/gz_sim_vendor/share/gz:/opt/ros/jazzy/opt/sdformat_vendor/share/gz:/opt/ros/jazzy/opt/gz_gui_vendor/share/gz:/opt/ros/jazzy/opt/gz_transport_vendor/share/gz:/opt/ros/jazzy/opt/gz_rendering_vendor/share/gz:/opt/ros/jazzy/opt/gz_plugin_vendor/share/gz:/opt/ros/jazzy/opt/gz_fuel_tools_vendor/share/gz:/opt/ros/jazzy/opt/gz_msgs_vendor/share/gz:/opt/ros/jazzy/opt/gz_common_vendor/share/gz', 'HOSTNAME': 'james-Legion-5-16IRX9', 'SHLVL': '1', 'LD_LIBRARY_PATH': '/opt/ros/jazzy/opt/gz_sim_vendor/lib:/opt/ros/jazzy/opt/gz_sensors_vendor/lib:/opt/ros/jazzy/opt/gz_physics_vendor/lib:/opt/ros/jazzy/opt/sdformat_vendor/lib:/opt/ros/jazzy/opt/rviz_ogre_vendor/lib:/opt/ros/jazzy/lib/x86_64-linux-gnu:/opt/ros/jazzy/opt/gz_gui_vendor/lib:/opt/ros/jazzy/opt/gz_transport_vendor/lib:/opt/ros/jazzy/opt/gz_rendering_vendor/lib:/opt/ros/jazzy/opt/gz_plugin_vendor/lib:/opt/ros/jazzy/opt/gz_fuel_tools_vendor/lib:/opt/ros/jazzy/opt/gz_msgs_vendor/lib:/opt/ros/jazzy/opt/gz_common_vendor/lib:/opt/ros/jazzy/opt/gz_math_vendor/lib:/opt/ros/jazzy/opt/gz_utils_vendor/lib:/opt/ros/jazzy/opt/gz_tools_vendor/lib:/opt/ros/jazzy/opt/gz_ogre_next_vendor/lib:/opt/ros/jazzy/opt/gz_dartsim_vendor/lib:/opt/ros/jazzy/opt/gz_cmake_vendor/lib:/opt/ros/jazzy/lib', 'HOME': '/root', 'OLDPWD': '/root/milo_ws/src', 'ROS_PYTHON_VERSION': '3', 'ROS_DISTRO': 'jazzy', '_': '/usr/bin/colcon', 'ROS_VERSION': '2', 'NVIDIA_DRIVER_CAPABILITIES': 'graphics', 'TERM': 'xterm', 'QT_X11_NO_MITSHM': '1', 'PATH': '/opt/ros/jazzy/opt/gz_msgs_vendor/bin:/opt/ros/jazzy/opt/gz_tools_vendor/bin:/opt/ros/jazzy/opt/gz_ogre_next_vendor/bin:/opt/ros/jazzy/bin:/usr/local/sbin:/usr/local/bin:/usr/sbin:/usr/bin:/sbin:/bin', 'XDG_RUNTIME_DIR': '/tmp', 'DISPLAY': ':1', 'LANG': 'C.UTF-8', 'LS_COLORS': 'rs=0:di=01;34:ln=01;36:mh=00:pi=40;33:so=01;35:do=01;35:bd=40;33;01:cd=40;33;01:or=40;31;01:mi=00:su=37;41:sg=30;43:ca=00:tw=30;42:ow=34;42:st=37;44:ex=01;32:*.tar=01;31:*.tgz=01;31:*.arc=01;31:*.arj=01;31:*.taz=01;31:*.lha=01;31:*.lz4=01;31:*.lzh=01;31:*.lzma=01;31:*.tlz=01;31:*.txz=01;31:*.tzo=01;31:*.t7z=01;31:*.zip=01;31:*.z=01;31:*.dz=01;31:*.gz=01;31:*.lrz=01;31:*.lz=01;31:*.lzo=01;31:*.xz=01;31:*.zst=01;31:*.tzst=01;31:*.bz2=01;31:*.bz=01;31:*.tbz=01;31:*.tbz2=01;31:*.tz=01;31:*.deb=01;31:*.rpm=01;31:*.jar=01;31:*.war=01;31:*.ear=01;31:*.sar=01;31:*.rar=01;31:*.alz=01;31:*.ace=01;31:*.zoo=01;31:*.cpio=01;31:*.7z=01;31:*.rz=01;31:*.cab=01;31:*.wim=01;31:*.swm=01;31:*.dwm=01;31:*.esd=01;31:*.avif=01;35:*.jpg=01;35:*.jpeg=01;35:*.mjpg=01;35:*.mjpeg=01;35:*.gif=01;35:*.bmp=01;35:*.pbm=01;35:*.pgm=01;35:*.ppm=01;35:*.tga=01;35:*.xbm=01;35:*.xpm=01;35:*.tif=01;35:*.tiff=01;35:*.png=01;35:*.svg=01;35:*.svgz=01;35:*.mng=01;35:*.pcx=01;35:*.mov=01;35:*.mpg=01;35:*.mpeg=01;35:*.m2v=01;35:*.mkv=01;35:*.webm=01;35:*.webp=01;35:*.ogm=01;35:*.mp4=01;35:*.m4v=01;35:*.mp4v=01;35:*.vob=01;35:*.qt=01;35:*.nuv=01;35:*.wmv=01;35:*.asf=01;35:*.rm=01;35:*.rmvb=01;35:*.flc=01;35:*.avi=01;35:*.fli=01;35:*.flv=01;35:*.gl=01;35:*.dl=01;35:*.xcf=01;35:*.xwd=01;35:*.yuv=01;35:*.cgm=01;35:*.emf=01;35:*.ogv=01;35:*.ogx=01;35:*.aac=00;36:*.au=00;36:*.flac=00;36:*.m4a=00;36:*.mid=00;36:*.midi=00;36:*.mka=00;36:*.mp3=00;36:*.mpc=00;36:*.ogg=00;36:*.ra=00;36:*.wav=00;36:*.oga=00;36:*.opus=00;36:*.spx=00;36:*.xspf=00;36:*~=00;90:*#=00;90:*.bak=00;90:*.crdownload=00;90:*.dpkg-dist=00;90:*.dpkg-new=00;90:*.dpkg-old=00;90:*.dpkg-tmp=00;90:*.old=00;90:*.orig=00;90:*.part=00;90:*.rej=00;90:*.rpmnew=00;90:*.rpmorig=00;90:*.rpmsave=00;90:*.swp=00;90:*.tmp=00;90:*.ucf-dist=00;90:*.ucf-new=00;90:*.ucf-old=00;90:', 'AMENT_PREFIX_PATH': '/opt/ros/jazzy', 'ROS_AUTOMATIC_DISCOVERY_RANGE': 'SUBNET', 'PWD': '/root/milo_ws/build/example_pkg', 'LC_ALL': 'C.UTF-8', 'PYTHONPATH': '/opt/ros/jazzy/lib/python3.12/site-packages', 'NVIDIA_VISIBLE_DEVICES': 'all', 'COLCON': '1', 'EDITOR': 'nano', 'CMAKE_PREFIX_PATH': '/opt/ros/jazzy/opt/gz_sim_vendor:/opt/ros/jazzy/opt/gz_sensors_vendor:/opt/ros/jazzy/opt/gz_physics_vendor:/opt/ros/jazzy/opt/sdformat_vendor:/opt/ros/jazzy/opt/gz_gui_vendor:/opt/ros/jazzy/opt/gz_transport_vendor:/opt/ros/jazzy/opt/gz_rendering_vendor:/opt/ros/jazzy/opt/gz_plugin_vendor:/opt/ros/jazzy/opt/gz_fuel_tools_vendor:/opt/ros/jazzy/opt/gz_msgs_vendor:/opt/ros/jazzy/opt/gz_common_vendor:/opt/ros/jazzy/opt/gz_math_vendor:/opt/ros/jazzy/opt/gz_utils_vendor:/opt/ros/jazzy/opt/gz_tools_vendor:/opt/ros/jazzy/opt/gz_ogre_next_vendor:/opt/ros/jazzy/opt/gz_dartsim_vendor:/opt/ros/jazzy/opt/gz_cmake_vendor:/opt/ros/jazzy'}), 'shell': False}
[0.010719] (milo_bringup) JobProgress: {'identifier': 'milo_bringup', 'progress': 'cmake'}
[0.010868] (milo_bringup) Command: {'cmd': ['/usr/bin/cmake', '/root/milo_ws/src/milo_bringup', '-DCMAKE_INSTALL_PREFIX=/root/milo_ws/install/milo_bringup'], 'cwd': '/root/milo_ws/build/milo_bringup', 'env': OrderedDict({'PYTHONBUFFERED': '1', 'GZ_SIM_RESOURCE_PATH': '/opt/ros/jazzy/share', 'GZ_CONFIG_PATH': '/opt/ros/jazzy/opt/gz_sim_vendor/share/gz:/opt/ros/jazzy/opt/sdformat_vendor/share/gz:/opt/ros/jazzy/opt/gz_gui_vendor/share/gz:/opt/ros/jazzy/opt/gz_transport_vendor/share/gz:/opt/ros/jazzy/opt/gz_rendering_vendor/share/gz:/opt/ros/jazzy/opt/gz_plugin_vendor/share/gz:/opt/ros/jazzy/opt/gz_fuel_tools_vendor/share/gz:/opt/ros/jazzy/opt/gz_msgs_vendor/share/gz:/opt/ros/jazzy/opt/gz_common_vendor/share/gz', 'HOSTNAME': 'james-Legion-5-16IRX9', 'SHLVL': '1', 'LD_LIBRARY_PATH': '/opt/ros/jazzy/opt/gz_sim_vendor/lib:/opt/ros/jazzy/opt/gz_sensors_vendor/lib:/opt/ros/jazzy/opt/gz_physics_vendor/lib:/opt/ros/jazzy/opt/sdformat_vendor/lib:/opt/ros/jazzy/opt/rviz_ogre_vendor/lib:/opt/ros/jazzy/lib/x86_64-linux-gnu:/opt/ros/jazzy/opt/gz_gui_vendor/lib:/opt/ros/jazzy/opt/gz_transport_vendor/lib:/opt/ros/jazzy/opt/gz_rendering_vendor/lib:/opt/ros/jazzy/opt/gz_plugin_vendor/lib:/opt/ros/jazzy/opt/gz_fuel_tools_vendor/lib:/opt/ros/jazzy/opt/gz_msgs_vendor/lib:/opt/ros/jazzy/opt/gz_common_vendor/lib:/opt/ros/jazzy/opt/gz_math_vendor/lib:/opt/ros/jazzy/opt/gz_utils_vendor/lib:/opt/ros/jazzy/opt/gz_tools_vendor/lib:/opt/ros/jazzy/opt/gz_ogre_next_vendor/lib:/opt/ros/jazzy/opt/gz_dartsim_vendor/lib:/opt/ros/jazzy/opt/gz_cmake_vendor/lib:/opt/ros/jazzy/lib', 'HOME': '/root', 'OLDPWD': '/root/milo_ws/src', 'ROS_PYTHON_VERSION': '3', 'ROS_DISTRO': 'jazzy', '_': '/usr/bin/colcon', 'ROS_VERSION': '2', 'NVIDIA_DRIVER_CAPABILITIES': 'graphics', 'TERM': 'xterm', 'QT_X11_NO_MITSHM': '1', 'PATH': '/opt/ros/jazzy/opt/gz_msgs_vendor/bin:/opt/ros/jazzy/opt/gz_tools_vendor/bin:/opt/ros/jazzy/opt/gz_ogre_next_vendor/bin:/opt/ros/jazzy/bin:/usr/local/sbin:/usr/local/bin:/usr/sbin:/usr/bin:/sbin:/bin', 'XDG_RUNTIME_DIR': '/tmp', 'DISPLAY': ':1', 'LANG': 'C.UTF-8', 'LS_COLORS': 'rs=0:di=01;34:ln=01;36:mh=00:pi=40;33:so=01;35:do=01;35:bd=40;33;01:cd=40;33;01:or=40;31;01:mi=00:su=37;41:sg=30;43:ca=00:tw=30;42:ow=34;42:st=37;44:ex=01;32:*.tar=01;31:*.tgz=01;31:*.arc=01;31:*.arj=01;31:*.taz=01;31:*.lha=01;31:*.lz4=01;31:*.lzh=01;31:*.lzma=01;31:*.tlz=01;31:*.txz=01;31:*.tzo=01;31:*.t7z=01;31:*.zip=01;31:*.z=01;31:*.dz=01;31:*.gz=01;31:*.lrz=01;31:*.lz=01;31:*.lzo=01;31:*.xz=01;31:*.zst=01;31:*.tzst=01;31:*.bz2=01;31:*.bz=01;31:*.tbz=01;31:*.tbz2=01;31:*.tz=01;31:*.deb=01;31:*.rpm=01;31:*.jar=01;31:*.war=01;31:*.ear=01;31:*.sar=01;31:*.rar=01;31:*.alz=01;31:*.ace=01;31:*.zoo=01;31:*.cpio=01;31:*.7z=01;31:*.rz=01;31:*.cab=01;31:*.wim=01;31:*.swm=01;31:*.dwm=01;31:*.esd=01;31:*.avif=01;35:*.jpg=01;35:*.jpeg=01;35:*.mjpg=01;35:*.mjpeg=01;35:*.gif=01;35:*.bmp=01;35:*.pbm=01;35:*.pgm=01;35:*.ppm=01;35:*.tga=01;35:*.xbm=01;35:*.xpm=01;35:*.tif=01;35:*.tiff=01;35:*.png=01;35:*.svg=01;35:*.svgz=01;35:*.mng=01;35:*.pcx=01;35:*.mov=01;35:*.mpg=01;35:*.mpeg=01;35:*.m2v=01;35:*.mkv=01;35:*.webm=01;35:*.webp=01;35:*.ogm=01;35:*.mp4=01;35:*.m4v=01;35:*.mp4v=01;35:*.vob=01;35:*.qt=01;35:*.nuv=01;35:*.wmv=01;35:*.asf=01;35:*.rm=01;35:*.rmvb=01;35:*.flc=01;35:*.avi=01;35:*.fli=01;35:*.flv=01;35:*.gl=01;35:*.dl=01;35:*.xcf=01;35:*.xwd=01;35:*.yuv=01;35:*.cgm=01;35:*.emf=01;35:*.ogv=01;35:*.ogx=01;35:*.aac=00;36:*.au=00;36:*.flac=00;36:*.m4a=00;36:*.mid=00;36:*.midi=00;36:*.mka=00;36:*.mp3=00;36:*.mpc=00;36:*.ogg=00;36:*.ra=00;36:*.wav=00;36:*.oga=00;36:*.opus=00;36:*.spx=00;36:*.xspf=00;36:*~=00;90:*#=00;90:*.bak=00;90:*.crdownload=00;90:*.dpkg-dist=00;90:*.dpkg-new=00;90:*.dpkg-old=00;90:*.dpkg-tmp=00;90:*.old=00;90:*.orig=00;90:*.part=00;90:*.rej=00;90:*.rpmnew=00;90:*.rpmorig=00;90:*.rpmsave=00;90:*.swp=00;90:*.tmp=00;90:*.ucf-dist=00;90:*.ucf-new=00;90:*.ucf-old=00;90:', 'AMENT_PREFIX_PATH': '/opt/ros/jazzy', 'ROS_AUTOMATIC_DISCOVERY_RANGE': 'SUBNET', 'PWD': '/root/milo_ws/build/milo_bringup', 'LC_ALL': 'C.UTF-8', 'PYTHONPATH': '/opt/ros/jazzy/lib/python3.12/site-packages', 'NVIDIA_VISIBLE_DEVICES': 'all', 'COLCON': '1', 'EDITOR': 'nano', 'CMAKE_PREFIX_PATH': '/opt/ros/jazzy/opt/gz_sim_vendor:/opt/ros/jazzy/opt/gz_sensors_vendor:/opt/ros/jazzy/opt/gz_physics_vendor:/opt/ros/jazzy/opt/sdformat_vendor:/opt/ros/jazzy/opt/gz_gui_vendor:/opt/ros/jazzy/opt/gz_transport_vendor:/opt/ros/jazzy/opt/gz_rendering_vendor:/opt/ros/jazzy/opt/gz_plugin_vendor:/opt/ros/jazzy/opt/gz_fuel_tools_vendor:/opt/ros/jazzy/opt/gz_msgs_vendor:/opt/ros/jazzy/opt/gz_common_vendor:/opt/ros/jazzy/opt/gz_math_vendor:/opt/ros/jazzy/opt/gz_utils_vendor:/opt/ros/jazzy/opt/gz_tools_vendor:/opt/ros/jazzy/opt/gz_ogre_next_vendor:/opt/ros/jazzy/opt/gz_dartsim_vendor:/opt/ros/jazzy/opt/gz_cmake_vendor:/opt/ros/jazzy'}), 'shell': False}
[0.011457] (milo_description) JobProgress: {'identifier': 'milo_description', 'progress': 'cmake'}
[0.011591] (milo_description) Command: {'cmd': ['/usr/bin/cmake', '/root/milo_ws/src/simulation/milo_description', '-DCMAKE_INSTALL_PREFIX=/root/milo_ws/install/milo_description'], 'cwd': '/root/milo_ws/build/milo_description', 'env': OrderedDict({'PYTHONBUFFERED': '1', 'GZ_SIM_RESOURCE_PATH': '/opt/ros/jazzy/share', 'GZ_CONFIG_PATH': '/opt/ros/jazzy/opt/gz_sim_vendor/share/gz:/opt/ros/jazzy/opt/sdformat_vendor/share/gz:/opt/ros/jazzy/opt/gz_gui_vendor/share/gz:/opt/ros/jazzy/opt/gz_transport_vendor/share/gz:/opt/ros/jazzy/opt/gz_rendering_vendor/share/gz:/opt/ros/jazzy/opt/gz_plugin_vendor/share/gz:/opt/ros/jazzy/opt/gz_fuel_tools_vendor/share/gz:/opt/ros/jazzy/opt/gz_msgs_vendor/share/gz:/opt/ros/jazzy/opt/gz_common_vendor/share/gz', 'HOSTNAME': 'james-Legion-5-16IRX9', 'SHLVL': '1', 'LD_LIBRARY_PATH': '/opt/ros/jazzy/opt/gz_sim_vendor/lib:/opt/ros/jazzy/opt/gz_sensors_vendor/lib:/opt/ros/jazzy/opt/gz_physics_vendor/lib:/opt/ros/jazzy/opt/sdformat_vendor/lib:/opt/ros/jazzy/opt/rviz_ogre_vendor/lib:/opt/ros/jazzy/lib/x86_64-linux-gnu:/opt/ros/jazzy/opt/gz_gui_vendor/lib:/opt/ros/jazzy/opt/gz_transport_vendor/lib:/opt/ros/jazzy/opt/gz_rendering_vendor/lib:/opt/ros/jazzy/opt/gz_plugin_vendor/lib:/opt/ros/jazzy/opt/gz_fuel_tools_vendor/lib:/opt/ros/jazzy/opt/gz_msgs_vendor/lib:/opt/ros/jazzy/opt/gz_common_vendor/lib:/opt/ros/jazzy/opt/gz_math_vendor/lib:/opt/ros/jazzy/opt/gz_utils_vendor/lib:/opt/ros/jazzy/opt/gz_tools_vendor/lib:/opt/ros/jazzy/opt/gz_ogre_next_vendor/lib:/opt/ros/jazzy/opt/gz_dartsim_vendor/lib:/opt/ros/jazzy/opt/gz_cmake_vendor/lib:/opt/ros/jazzy/lib', 'HOME': '/root', 'OLDPWD': '/root/milo_ws/src', 'ROS_PYTHON_VERSION': '3', 'ROS_DISTRO': 'jazzy', '_': '/usr/bin/colcon', 'ROS_VERSION': '2', 'NVIDIA_DRIVER_CAPABILITIES': 'graphics', 'TERM': 'xterm', 'QT_X11_NO_MITSHM': '1', 'PATH': '/opt/ros/jazzy/opt/gz_msgs_vendor/bin:/opt/ros/jazzy/opt/gz_tools_vendor/bin:/opt/ros/jazzy/opt/gz_ogre_next_vendor/bin:/opt/ros/jazzy/bin:/usr/local/sbin:/usr/local/bin:/usr/sbin:/usr/bin:/sbin:/bin', 'XDG_RUNTIME_DIR': '/tmp', 'DISPLAY': ':1', 'LANG': 'C.UTF-8', 'LS_COLORS': 'rs=0:di=01;34:ln=01;36:mh=00:pi=40;33:so=01;35:do=01;35:bd=40;33;01:cd=40;33;01:or=40;31;01:mi=00:su=37;41:sg=30;43:ca=00:tw=30;42:ow=34;42:st=37;44:ex=01;32:*.tar=01;31:*.tgz=01;31:*.arc=01;31:*.arj=01;31:*.taz=01;31:*.lha=01;31:*.lz4=01;31:*.lzh=01;31:*.lzma=01;31:*.tlz=01;31:*.txz=01;31:*.tzo=01;31:*.t7z=01;31:*.zip=01;31:*.z=01;31:*.dz=01;31:*.gz=01;31:*.lrz=01;31:*.lz=01;31:*.lzo=01;31:*.xz=01;31:*.zst=01;31:*.tzst=01;31:*.bz2=01;31:*.bz=01;31:*.tbz=01;31:*.tbz2=01;31:*.tz=01;31:*.deb=01;31:*.rpm=01;31:*.jar=01;31:*.war=01;31:*.ear=01;31:*.sar=01;31:*.rar=01;31:*.alz=01;31:*.ace=01;31:*.zoo=01;31:*.cpio=01;31:*.7z=01;31:*.rz=01;31:*.cab=01;31:*.wim=01;31:*.swm=01;31:*.dwm=01;31:*.esd=01;31:*.avif=01;35:*.jpg=01;35:*.jpeg=01;35:*.mjpg=01;35:*.mjpeg=01;35:*.gif=01;35:*.bmp=01;35:*.pbm=01;35:*.pgm=01;35:*.ppm=01;35:*.tga=01;35:*.xbm=01;35:*.xpm=01;35:*.tif=01;35:*.tiff=01;35:*.png=01;35:*.svg=01;35:*.svgz=01;35:*.mng=01;35:*.pcx=01;35:*.mov=01;35:*.mpg=01;35:*.mpeg=01;35:*.m2v=01;35:*.mkv=01;35:*.webm=01;35:*.webp=01;35:*.ogm=01;35:*.mp4=01;35:*.m4v=01;35:*.mp4v=01;35:*.vob=01;35:*.qt=01;35:*.nuv=01;35:*.wmv=01;35:*.asf=01;35:*.rm=01;35:*.rmvb=01;35:*.flc=01;35:*.avi=01;35:*.fli=01;35:*.flv=01;35:*.gl=01;35:*.dl=01;35:*.xcf=01;35:*.xwd=01;35:*.yuv=01;35:*.cgm=01;35:*.emf=01;35:*.ogv=01;35:*.ogx=01;35:*.aac=00;36:*.au=00;36:*.flac=00;36:*.m4a=00;36:*.mid=00;36:*.midi=00;36:*.mka=00;36:*.mp3=00;36:*.mpc=00;36:*.ogg=00;36:*.ra=00;36:*.wav=00;36:*.oga=00;36:*.opus=00;36:*.spx=00;36:*.xspf=00;36:*~=00;90:*#=00;90:*.bak=00;90:*.crdownload=00;90:*.dpkg-dist=00;90:*.dpkg-new=00;90:*.dpkg-old=00;90:*.dpkg-tmp=00;90:*.old=00;90:*.orig=00;90:*.part=00;90:*.rej=00;90:*.rpmnew=00;90:*.rpmorig=00;90:*.rpmsave=00;90:*.swp=00;90:*.tmp=00;90:*.ucf-dist=00;90:*.ucf-new=00;90:*.ucf-old=00;90:', 'AMENT_PREFIX_PATH': '/opt/ros/jazzy', 'ROS_AUTOMATIC_DISCOVERY_RANGE': 'SUBNET', 'PWD': '/root/milo_ws/build/milo_description', 'LC_ALL': 'C.UTF-8', 'PYTHONPATH': '/opt/ros/jazzy/lib/python3.12/site-packages', 'NVIDIA_VISIBLE_DEVICES': 'all', 'COLCON': '1', 'EDITOR': 'nano', 'CMAKE_PREFIX_PATH': '/opt/ros/jazzy/opt/gz_sim_vendor:/opt/ros/jazzy/opt/gz_sensors_vendor:/opt/ros/jazzy/opt/gz_physics_vendor:/opt/ros/jazzy/opt/sdformat_vendor:/opt/ros/jazzy/opt/gz_gui_vendor:/opt/ros/jazzy/opt/gz_transport_vendor:/opt/ros/jazzy/opt/gz_rendering_vendor:/opt/ros/jazzy/opt/gz_plugin_vendor:/opt/ros/jazzy/opt/gz_fuel_tools_vendor:/opt/ros/jazzy/opt/gz_msgs_vendor:/opt/ros/jazzy/opt/gz_common_vendor:/opt/ros/jazzy/opt/gz_math_vendor:/opt/ros/jazzy/opt/gz_utils_vendor:/opt/ros/jazzy/opt/gz_tools_vendor:/opt/ros/jazzy/opt/gz_ogre_next_vendor:/opt/ros/jazzy/opt/gz_dartsim_vendor:/opt/ros/jazzy/opt/gz_cmake_vendor:/opt/ros/jazzy'}), 'shell': False}
[0.013876] (milo_simulation) JobProgress: {'identifier': 'milo_simulation', 'progress': 'cmake'}
[0.014110] (milo_simulation) Command: {'cmd': ['/usr/bin/cmake', '/root/milo_ws/src/simulation/milo_simulation', '-DCMAKE_INSTALL_PREFIX=/root/milo_ws/install/milo_simulation'], 'cwd': '/root/milo_ws/build/milo_simulation', 'env': OrderedDict({'PYTHONBUFFERED': '1', 'GZ_SIM_RESOURCE_PATH': '/opt/ros/jazzy/share', 'GZ_CONFIG_PATH': '/opt/ros/jazzy/opt/gz_sim_vendor/share/gz:/opt/ros/jazzy/opt/sdformat_vendor/share/gz:/opt/ros/jazzy/opt/gz_gui_vendor/share/gz:/opt/ros/jazzy/opt/gz_transport_vendor/share/gz:/opt/ros/jazzy/opt/gz_rendering_vendor/share/gz:/opt/ros/jazzy/opt/gz_plugin_vendor/share/gz:/opt/ros/jazzy/opt/gz_fuel_tools_vendor/share/gz:/opt/ros/jazzy/opt/gz_msgs_vendor/share/gz:/opt/ros/jazzy/opt/gz_common_vendor/share/gz', 'HOSTNAME': 'james-Legion-5-16IRX9', 'SHLVL': '1', 'LD_LIBRARY_PATH': '/opt/ros/jazzy/opt/gz_sim_vendor/lib:/opt/ros/jazzy/opt/gz_sensors_vendor/lib:/opt/ros/jazzy/opt/gz_physics_vendor/lib:/opt/ros/jazzy/opt/sdformat_vendor/lib:/opt/ros/jazzy/opt/rviz_ogre_vendor/lib:/opt/ros/jazzy/lib/x86_64-linux-gnu:/opt/ros/jazzy/opt/gz_gui_vendor/lib:/opt/ros/jazzy/opt/gz_transport_vendor/lib:/opt/ros/jazzy/opt/gz_rendering_vendor/lib:/opt/ros/jazzy/opt/gz_plugin_vendor/lib:/opt/ros/jazzy/opt/gz_fuel_tools_vendor/lib:/opt/ros/jazzy/opt/gz_msgs_vendor/lib:/opt/ros/jazzy/opt/gz_common_vendor/lib:/opt/ros/jazzy/opt/gz_math_vendor/lib:/opt/ros/jazzy/opt/gz_utils_vendor/lib:/opt/ros/jazzy/opt/gz_tools_vendor/lib:/opt/ros/jazzy/opt/gz_ogre_next_vendor/lib:/opt/ros/jazzy/opt/gz_dartsim_vendor/lib:/opt/ros/jazzy/opt/gz_cmake_vendor/lib:/opt/ros/jazzy/lib', 'HOME': '/root', 'OLDPWD': '/root/milo_ws/src', 'ROS_PYTHON_VERSION': '3', 'ROS_DISTRO': 'jazzy', '_': '/usr/bin/colcon', 'ROS_VERSION': '2', 'NVIDIA_DRIVER_CAPABILITIES': 'graphics', 'TERM': 'xterm', 'QT_X11_NO_MITSHM': '1', 'PATH': '/opt/ros/jazzy/opt/gz_msgs_vendor/bin:/opt/ros/jazzy/opt/gz_tools_vendor/bin:/opt/ros/jazzy/opt/gz_ogre_next_vendor/bin:/opt/ros/jazzy/bin:/usr/local/sbin:/usr/local/bin:/usr/sbin:/usr/bin:/sbin:/bin', 'XDG_RUNTIME_DIR': '/tmp', 'DISPLAY': ':1', 'LANG': 'C.UTF-8', 'LS_COLORS': 'rs=0:di=01;34:ln=01;36:mh=00:pi=40;33:so=01;35:do=01;35:bd=40;33;01:cd=40;33;01:or=40;31;01:mi=00:su=37;41:sg=30;43:ca=00:tw=30;42:ow=34;42:st=37;44:ex=01;32:*.tar=01;31:*.tgz=01;31:*.arc=01;31:*.arj=01;31:*.taz=01;31:*.lha=01;31:*.lz4=01;31:*.lzh=01;31:*.lzma=01;31:*.tlz=01;31:*.txz=01;31:*.tzo=01;31:*.t7z=01;31:*.zip=01;31:*.z=01;31:*.dz=01;31:*.gz=01;31:*.lrz=01;31:*.lz=01;31:*.lzo=01;31:*.xz=01;31:*.zst=01;31:*.tzst=01;31:*.bz2=01;31:*.bz=01;31:*.tbz=01;31:*.tbz2=01;31:*.tz=01;31:*.deb=01;31:*.rpm=01;31:*.jar=01;31:*.war=01;31:*.ear=01;31:*.sar=01;31:*.rar=01;31:*.alz=01;31:*.ace=01;31:*.zoo=01;31:*.cpio=01;31:*.7z=01;31:*.rz=01;31:*.cab=01;31:*.wim=01;31:*.swm=01;31:*.dwm=01;31:*.esd=01;31:*.avif=01;35:*.jpg=01;35:*.jpeg=01;35:*.mjpg=01;35:*.mjpeg=01;35:*.gif=01;35:*.bmp=01;35:*.pbm=01;35:*.pgm=01;35:*.ppm=01;35:*.tga=01;35:*.xbm=01;35:*.xpm=01;35:*.tif=01;35:*.tiff=01;35:*.png=01;35:*.svg=01;35:*.svgz=01;35:*.mng=01;35:*.pcx=01;35:*.mov=01;35:*.mpg=01;35:*.mpeg=01;35:*.m2v=01;35:*.mkv=01;35:*.webm=01;35:*.webp=01;35:*.ogm=01;35:*.mp4=01;35:*.m4v=01;35:*.mp4v=01;35:*.vob=01;35:*.qt=01;35:*.nuv=01;35:*.wmv=01;35:*.asf=01;35:*.rm=01;35:*.rmvb=01;35:*.flc=01;35:*.avi=01;35:*.fli=01;35:*.flv=01;35:*.gl=01;35:*.dl=01;35:*.xcf=01;35:*.xwd=01;35:*.yuv=01;35:*.cgm=01;35:*.emf=01;35:*.ogv=01;35:*.ogx=01;35:*.aac=00;36:*.au=00;36:*.flac=00;36:*.m4a=00;36:*.mid=00;36:*.midi=00;36:*.mka=00;36:*.mp3=00;36:*.mpc=00;36:*.ogg=00;36:*.ra=00;36:*.wav=00;36:*.oga=00;36:*.opus=00;36:*.spx=00;36:*.xspf=00;36:*~=00;90:*#=00;90:*.bak=00;90:*.crdownload=00;90:*.dpkg-dist=00;90:*.dpkg-new=00;90:*.dpkg-old=00;90:*.dpkg-tmp=00;90:*.old=00;90:*.orig=00;90:*.part=00;90:*.rej=00;90:*.rpmnew=00;90:*.rpmorig=00;90:*.rpmsave=00;90:*.swp=00;90:*.tmp=00;90:*.ucf-dist=00;90:*.ucf-new=00;90:*.ucf-old=00;90:', 'AMENT_PREFIX_PATH': '/opt/ros/jazzy', 'ROS_AUTOMATIC_DISCOVERY_RANGE': 'SUBNET', 'PWD': '/root/milo_ws/build/milo_simulation', 'LC_ALL': 'C.UTF-8', 'PYTHONPATH': '/opt/ros/jazzy/lib/python3.12/site-packages', 'NVIDIA_VISIBLE_DEVICES': 'all', 'COLCON': '1', 'EDITOR': 'nano', 'CMAKE_PREFIX_PATH': '/opt/ros/jazzy/opt/gz_sim_vendor:/opt/ros/jazzy/opt/gz_sensors_vendor:/opt/ros/jazzy/opt/gz_physics_vendor:/opt/ros/jazzy/opt/sdformat_vendor:/opt/ros/jazzy/opt/gz_gui_vendor:/opt/ros/jazzy/opt/gz_transport_vendor:/opt/ros/jazzy/opt/gz_rendering_vendor:/opt/ros/jazzy/opt/gz_plugin_vendor:/opt/ros/jazzy/opt/gz_fuel_tools_vendor:/opt/ros/jazzy/opt/gz_msgs_vendor:/opt/ros/jazzy/opt/gz_common_vendor:/opt/ros/jazzy/opt/gz_math_vendor:/opt/ros/jazzy/opt/gz_utils_vendor:/opt/ros/jazzy/opt/gz_tools_vendor:/opt/ros/jazzy/opt/gz_ogre_next_vendor:/opt/ros/jazzy/opt/gz_dartsim_vendor:/opt/ros/jazzy/opt/gz_cmake_vendor:/opt/ros/jazzy'}), 'shell': False}
[0.048886] (example_pkg) StdoutLine: {'line': b'-- The C compiler identification is GNU 13.3.0\n'}
[0.049035] (milo_bringup) StdoutLine: {'line': b'-- The C compiler identification is GNU 13.3.0\n'}
[0.050901] (milo_simulation) StdoutLine: {'line': b'-- The C compiler identification is GNU 13.3.0\n'}
[0.052006] (milo_description) StdoutLine: {'line': b'-- The C compiler identification is GNU 13.3.0\n'}
[0.079893] (milo_bringup) StdoutLine: {'line': b'-- The CXX compiler identification is GNU 13.3.0\n'}
[0.087462] (example_pkg) StdoutLine: {'line': b'-- The CXX compiler identification is GNU 13.3.0\n'}
[0.088465] (milo_description) StdoutLine: {'line': b'-- The CXX compiler identification is GNU 13.3.0\n'}
[0.090487] (milo_simulation) StdoutLine: {'line': b'-- The CXX compiler identification is GNU 13.3.0\n'}
[0.090763] (milo_bringup) StdoutLine: {'line': b'-- Detecting C compiler ABI info\n'}
[0.097989] (example_pkg) StdoutLine: {'line': b'-- Detecting C compiler ABI info\n'}
[0.099549] (-) TimerEvent: {}
[0.100183] (milo_description) StdoutLine: {'line': b'-- Detecting C compiler ABI info\n'}
[0.102105] (milo_simulation) StdoutLine: {'line': b'-- Detecting C compiler ABI info\n'}
[0.153878] (milo_bringup) StdoutLine: {'line': b'-- Detecting C compiler ABI info - done\n'}
[0.154059] (example_pkg) StdoutLine: {'line': b'-- Detecting C compiler ABI info - done\n'}
[0.158650] (example_pkg) StdoutLine: {'line': b'-- Check for working C compiler: /usr/bin/cc - skipped\n'}
[0.158906] (example_pkg) StdoutLine: {'line': b'-- Detecting C compile features\n'}
[0.159001] (example_pkg) StdoutLine: {'line': b'-- Detecting C compile features - done\n'}
[0.159842] (milo_bringup) StdoutLine: {'line': b'-- Check for working C compiler: /usr/bin/cc - skipped\n'}
[0.159938] (milo_bringup) StdoutLine: {'line': b'-- Detecting C compile features\n'}
[0.160146] (milo_bringup) StdoutLine: {'line': b'-- Detecting C compile features - done\n'}
[0.160404] (milo_simulation) StdoutLine: {'line': b'-- Detecting C compiler ABI info - done\n'}
[0.162508] (milo_description) StdoutLine: {'line': b'-- Detecting C compiler ABI info - done\n'}
[0.163645] (example_pkg) StdoutLine: {'line': b'-- Detecting CXX compiler ABI info\n'}
[0.164843] (milo_simulation) StdoutLine: {'line': b'-- Check for working C compiler: /usr/bin/cc - skipped\n'}
[0.165061] (milo_simulation) StdoutLine: {'line': b'-- Detecting C compile features\n'}
[0.165163] (milo_simulation) StdoutLine: {'line': b'-- Detecting C compile features - done\n'}
[0.165231] (milo_bringup) StdoutLine: {'line': b'-- Detecting CXX compiler ABI info\n'}
[0.167167] (milo_description) StdoutLine: {'line': b'-- Check for working C compiler: /usr/bin/cc - skipped\n'}
[0.167279] (milo_description) StdoutLine: {'line': b'-- Detecting C compile features\n'}
[0.167383] (milo_description) StdoutLine: {'line': b'-- Detecting C compile features - done\n'}
[0.171610] (milo_simulation) StdoutLine: {'line': b'-- Detecting CXX compiler ABI info\n'}
[0.173750] (milo_description) StdoutLine: {'line': b'-- Detecting CXX compiler ABI info\n'}
[0.199689] (-) TimerEvent: {}
[0.227572] (example_pkg) StdoutLine: {'line': b'-- Detecting CXX compiler ABI info - done\n'}
[0.228846] (milo_bringup) StdoutLine: {'line': b'-- Detecting CXX compiler ABI info - done\n'}
[0.234436] (milo_bringup) StdoutLine: {'line': b'-- Check for working CXX compiler: /usr/bin/c++ - skipped\n'}
[0.234612] (milo_bringup) StdoutLine: {'line': b'-- Detecting CXX compile features\n'}
[0.234865] (example_pkg) StdoutLine: {'line': b'-- Check for working CXX compiler: /usr/bin/c++ - skipped\n'}
[0.235164] (example_pkg) StdoutLine: {'line': b'-- Detecting CXX compile features\n'}
[0.235288] (milo_bringup) StdoutLine: {'line': b'-- Detecting CXX compile features - done\n'}
[0.235366] (example_pkg) StdoutLine: {'line': b'-- Detecting CXX compile features - done\n'}
[0.237568] (milo_simulation) StdoutLine: {'line': b'-- Detecting CXX compiler ABI info - done\n'}
[0.237832] (milo_bringup) StdoutLine: {'line': b'-- Found ament_cmake: 2.5.4 (/opt/ros/jazzy/share/ament_cmake/cmake)\n'}
[0.238579] (milo_description) StdoutLine: {'line': b'-- Detecting CXX compiler ABI info - done\n'}
[0.240074] (example_pkg) StdoutLine: {'line': b'-- Found ament_cmake: 2.5.4 (/opt/ros/jazzy/share/ament_cmake/cmake)\n'}
[0.242821] (milo_simulation) StdoutLine: {'line': b'-- Check for working CXX compiler: /usr/bin/c++ - skipped\n'}
[0.242941] (milo_simulation) StdoutLine: {'line': b'-- Detecting CXX compile features\n'}
[0.243182] (milo_simulation) StdoutLine: {'line': b'-- Detecting CXX compile features - done\n'}
[0.244087] (milo_description) StdoutLine: {'line': b'-- Check for working CXX compiler: /usr/bin/c++ - skipped\n'}
[0.244207] (milo_description) StdoutLine: {'line': b'-- Detecting CXX compile features\n'}
[0.244413] (milo_description) StdoutLine: {'line': b'-- Detecting CXX compile features - done\n'}
[0.246083] (milo_simulation) StdoutLine: {'line': b'-- Found ament_cmake: 2.5.4 (/opt/ros/jazzy/share/ament_cmake/cmake)\n'}
[0.247488] (milo_description) StdoutLine: {'line': b'-- Found ament_cmake: 2.5.4 (/opt/ros/jazzy/share/ament_cmake/cmake)\n'}
[0.299825] (-) TimerEvent: {}
[0.334827] (milo_bringup) StdoutLine: {'line': b'-- Found Python3: /usr/bin/python3 (found version "3.12.3") found components: Interpreter \n'}
[0.338869] (example_pkg) StdoutLine: {'line': b'-- Found Python3: /usr/bin/python3 (found version "3.12.3") found components: Interpreter \n'}
[0.342085] (milo_simulation) StdoutLine: {'line': b'-- Found Python3: /usr/bin/python3 (found version "3.12.3") found components: Interpreter \n'}
[0.347058] (milo_description) StdoutLine: {'line': b'-- Found Python3: /usr/bin/python3 (found version "3.12.3") found components: Interpreter \n'}
[0.399953] (-) TimerEvent: {}
[0.412860] (milo_bringup) StdoutLine: {'line': b'-- Found rclcpp: 28.1.12 (/opt/ros/jazzy/share/rclcpp/cmake)\n'}
[0.418565] (example_pkg) StdoutLine: {'line': b'-- Found rclcpp: 28.1.12 (/opt/ros/jazzy/share/rclcpp/cmake)\n'}
[0.420804] (milo_simulation) StdoutLine: {'line': b'-- Found rclcpp: 28.1.12 (/opt/ros/jazzy/share/rclcpp/cmake)\n'}
[0.425658] (milo_description) StdoutLine: {'line': b'-- Found rclcpp: 28.1.12 (/opt/ros/jazzy/share/rclcpp/cmake)\n'}
[0.446601] (milo_bringup) StdoutLine: {'line': b'-- Found rosidl_generator_c: 4.6.6 (/opt/ros/jazzy/share/rosidl_generator_c/cmake)\n'}
[0.456296] (example_pkg) StdoutLine: {'line': b'-- Found rosidl_generator_c: 4.6.6 (/opt/ros/jazzy/share/rosidl_generator_c/cmake)\n'}
[0.456454] (milo_simulation) StdoutLine: {'line': b'-- Found rosidl_generator_c: 4.6.6 (/opt/ros/jazzy/share/rosidl_generator_c/cmake)\n'}
[0.459186] (milo_bringup) StdoutLine: {'line': b'-- Found rosidl_generator_cpp: 4.6.6 (/opt/ros/jazzy/share/rosidl_generator_cpp/cmake)\n'}
[0.460882] (milo_description) StdoutLine: {'line': b'-- Found rosidl_generator_c: 4.6.6 (/opt/ros/jazzy/share/rosidl_generator_c/cmake)\n'}
[0.469414] (milo_simulation) StdoutLine: {'line': b'-- Found rosidl_generator_cpp: 4.6.6 (/opt/ros/jazzy/share/rosidl_generator_cpp/cmake)\n'}
[0.469570] (example_pkg) StdoutLine: {'line': b'-- Found rosidl_generator_cpp: 4.6.6 (/opt/ros/jazzy/share/rosidl_generator_cpp/cmake)\n'}
[0.471619] (milo_bringup) StdoutLine: {'line': b'-- Using all available rosidl_typesupport_c: rosidl_typesupport_fastrtps_c;rosidl_typesupport_introspection_c\n'}
[0.472658] (milo_description) StdoutLine: {'line': b'-- Found rosidl_generator_cpp: 4.6.6 (/opt/ros/jazzy/share/rosidl_generator_cpp/cmake)\n'}
[0.482702] (example_pkg) StdoutLine: {'line': b'-- Using all available rosidl_typesupport_c: rosidl_typesupport_fastrtps_c;rosidl_typesupport_introspection_c\n'}
[0.482847] (milo_simulation) StdoutLine: {'line': b'-- Using all available rosidl_typesupport_c: rosidl_typesupport_fastrtps_c;rosidl_typesupport_introspection_c\n'}
[0.484556] (milo_description) StdoutLine: {'line': b'-- Using all available rosidl_typesupport_c: rosidl_typesupport_fastrtps_c;rosidl_typesupport_introspection_c\n'}
[0.485146] (milo_bringup) StdoutLine: {'line': b'-- Using all available rosidl_typesupport_cpp: rosidl_typesupport_fastrtps_cpp;rosidl_typesupport_introspection_cpp\n'}
[0.497225] (milo_simulation) StdoutLine: {'line': b'-- Using all available rosidl_typesupport_cpp: rosidl_typesupport_fastrtps_cpp;rosidl_typesupport_introspection_cpp\n'}
[0.497377] (example_pkg) StdoutLine: {'line': b'-- Using all available rosidl_typesupport_cpp: rosidl_typesupport_fastrtps_cpp;rosidl_typesupport_introspection_cpp\n'}
[0.497670] (milo_description) StdoutLine: {'line': b'-- Using all available rosidl_typesupport_cpp: rosidl_typesupport_fastrtps_cpp;rosidl_typesupport_introspection_cpp\n'}
[0.500073] (-) TimerEvent: {}
[0.540181] (milo_bringup) StdoutLine: {'line': b'-- Found rmw_implementation_cmake: 7.3.2 (/opt/ros/jazzy/share/rmw_implementation_cmake/cmake)\n'}
[0.543152] (milo_bringup) StdoutLine: {'line': b'-- Found rmw_fastrtps_cpp: 8.4.3 (/opt/ros/jazzy/share/rmw_fastrtps_cpp/cmake)\n'}
[0.553520] (milo_description) StdoutLine: {'line': b'-- Found rmw_implementation_cmake: 7.3.2 (/opt/ros/jazzy/share/rmw_implementation_cmake/cmake)\n'}
[0.556661] (milo_simulation) StdoutLine: {'line': b'-- Found rmw_implementation_cmake: 7.3.2 (/opt/ros/jazzy/share/rmw_implementation_cmake/cmake)\n'}
[0.556758] (example_pkg) StdoutLine: {'line': b'-- Found rmw_implementation_cmake: 7.3.2 (/opt/ros/jazzy/share/rmw_implementation_cmake/cmake)\n'}
[0.556910] (milo_description) StdoutLine: {'line': b'-- Found rmw_fastrtps_cpp: 8.4.3 (/opt/ros/jazzy/share/rmw_fastrtps_cpp/cmake)\n'}
[0.560385] (milo_simulation) StdoutLine: {'line': b'-- Found rmw_fastrtps_cpp: 8.4.3 (/opt/ros/jazzy/share/rmw_fastrtps_cpp/cmake)\n'}
[0.560506] (example_pkg) StdoutLine: {'line': b'-- Found rmw_fastrtps_cpp: 8.4.3 (/opt/ros/jazzy/share/rmw_fastrtps_cpp/cmake)\n'}
[0.600171] (-) TimerEvent: {}
[0.609709] (milo_bringup) StdoutLine: {'line': b'-- Found OpenSSL: /usr/lib/x86_64-linux-gnu/libcrypto.so (found version "3.0.13")  \n'}
[0.617206] (milo_description) StdoutLine: {'line': b'-- Found OpenSSL: /usr/lib/x86_64-linux-gnu/libcrypto.so (found version "3.0.13")  \n'}
[0.623622] (example_pkg) StdoutLine: {'line': b'-- Found OpenSSL: /usr/lib/x86_64-linux-gnu/libcrypto.so (found version "3.0.13")  \n'}
[0.625489] (milo_simulation) StdoutLine: {'line': b'-- Found OpenSSL: /usr/lib/x86_64-linux-gnu/libcrypto.so (found version "3.0.13")  \n'}
[0.627208] (milo_bringup) StdoutLine: {'line': b'-- Found FastRTPS: /opt/ros/jazzy/include (Required is at least version "2.13") \n'}
[0.633334] (milo_description) StdoutLine: {'line': b'-- Found FastRTPS: /opt/ros/jazzy/include (Required is at least version "2.13") \n'}
[0.634367] (example_pkg) StdoutLine: {'line': b'-- Found FastRTPS: /opt/ros/jazzy/include (Required is at least version "2.13") \n'}
[0.639203] (milo_simulation) StdoutLine: {'line': b'-- Found FastRTPS: /opt/ros/jazzy/include (Required is at least version "2.13") \n'}
[0.645534] (milo_bringup) StdoutLine: {'line': b"-- Using RMW implementation 'rmw_fastrtps_cpp' as default\n"}
[0.648907] (example_pkg) StdoutLine: {'line': b"-- Using RMW implementation 'rmw_fastrtps_cpp' as default\n"}
[0.650250] (milo_description) StdoutLine: {'line': b"-- Using RMW implementation 'rmw_fastrtps_cpp' as default\n"}
[0.654472] (milo_simulation) StdoutLine: {'line': b"-- Using RMW implementation 'rmw_fastrtps_cpp' as default\n"}
[0.699453] (example_pkg) StdoutLine: {'line': b'-- Found rclpy: 7.1.5 (/opt/ros/jazzy/share/rclpy/cmake)\n'}
[0.700317] (-) TimerEvent: {}
[0.700535] (milo_description) StdoutLine: {'line': b'-- Found rclpy: 7.1.5 (/opt/ros/jazzy/share/rclpy/cmake)\n'}
[0.702325] (milo_bringup) StdoutLine: {'line': b'-- Found rclpy: 7.1.5 (/opt/ros/jazzy/share/rclpy/cmake)\n'}
[0.702430] (example_pkg) StdoutLine: {'line': b'-- Found std_msgs: 5.3.6 (/opt/ros/jazzy/share/std_msgs/cmake)\n'}
[0.704310] (milo_simulation) StdoutLine: {'line': b'-- Found rclpy: 7.1.5 (/opt/ros/jazzy/share/rclpy/cmake)\n'}
[0.763571] (milo_description) StdoutLine: {'line': b'-- Found ament_lint_auto: 0.17.3 (/opt/ros/jazzy/share/ament_lint_auto/cmake)\n'}
[0.764658] (milo_simulation) StdoutLine: {'line': b'-- Found ament_lint_auto: 0.17.3 (/opt/ros/jazzy/share/ament_lint_auto/cmake)\n'}
[0.767653] (milo_bringup) StdoutLine: {'line': b'-- Found ament_lint_auto: 0.17.3 (/opt/ros/jazzy/share/ament_lint_auto/cmake)\n'}
[0.774326] (example_pkg) StdoutLine: {'line': b'-- Found ament_lint_auto: 0.17.3 (/opt/ros/jazzy/share/ament_lint_auto/cmake)\n'}
[0.800475] (-) TimerEvent: {}
[0.833670] (milo_description) StdoutLine: {'line': b"-- Added test 'flake8' to check Python code syntax and style conventions\n"}
[0.833836] (milo_description) StdoutLine: {'line': b"-- Configured 'flake8' exclude dirs and/or files: \n"}
[0.834183] (milo_simulation) StdoutLine: {'line': b"-- Added test 'flake8' to check Python code syntax and style conventions\n"}
[0.834299] (milo_simulation) StdoutLine: {'line': b"-- Configured 'flake8' exclude dirs and/or files: \n"}
[0.834367] (milo_description) StdoutLine: {'line': b"-- Added test 'lint_cmake' to check CMake code style\n"}
[0.834418] (milo_description) StdoutLine: {'line': b"-- Added test 'pep257' to check Python code against some of the docstring style conventions in PEP 257\n"}
[0.834475] (milo_simulation) StdoutLine: {'line': b"-- Added test 'lint_cmake' to check CMake code style\n"}
[0.834545] (milo_simulation) StdoutLine: {'line': b"-- Added test 'pep257' to check Python code against some of the docstring style conventions in PEP 257\n"}
[0.834989] (milo_simulation) StdoutLine: {'line': b"-- Added test 'xmllint' to check XML markup files\n"}
[0.835207] (milo_description) StdoutLine: {'line': b"-- Added test 'xmllint' to check XML markup files\n"}
[0.835929] (milo_simulation) StdoutLine: {'line': b'-- Configuring done (0.8s)\n'}
[0.836136] (milo_description) StdoutLine: {'line': b'-- Configuring done (0.8s)\n'}
[0.838857] (milo_simulation) StdoutLine: {'line': b'-- Generating done (0.0s)\n'}
[0.838931] (milo_description) StdoutLine: {'line': b'-- Generating done (0.0s)\n'}
[0.840159] (milo_simulation) StdoutLine: {'line': b'-- Build files have been written to: /root/milo_ws/build/milo_simulation\n'}
[0.840232] (milo_description) StdoutLine: {'line': b'-- Build files have been written to: /root/milo_ws/build/milo_description\n'}
[0.840375] (milo_bringup) StdoutLine: {'line': b"-- Added test 'flake8' to check Python code syntax and style conventions\n"}
[0.840450] (milo_bringup) StdoutLine: {'line': b"-- Configured 'flake8' exclude dirs and/or files: \n"}
[0.840753] (milo_bringup) StdoutLine: {'line': b"-- Added test 'lint_cmake' to check CMake code style\n"}
[0.841264] (milo_bringup) StdoutLine: {'line': b"-- Added test 'pep257' to check Python code against some of the docstring style conventions in PEP 257\n"}
[0.841686] (milo_bringup) StdoutLine: {'line': b"-- Added test 'xmllint' to check XML markup files\n"}
[0.842488] (milo_bringup) StdoutLine: {'line': b'-- Configuring done (0.8s)\n'}
[0.843263] (example_pkg) StdoutLine: {'line': b"-- Added test 'cppcheck' to perform static code analysis on C / C++ code\n"}
[0.843337] (example_pkg) StdoutLine: {'line': b'-- Configured cppcheck include dirs: /root/milo_ws/src/example_pkg/include\n'}
[0.843371] (example_pkg) StdoutLine: {'line': b'-- Configured cppcheck exclude dirs and/or files: \n'}
[0.843817] (example_pkg) StdoutLine: {'line': b"-- Added test 'flake8' to check Python code syntax and style conventions\n"}
[0.843867] (example_pkg) StdoutLine: {'line': b"-- Configured 'flake8' exclude dirs and/or files: \n"}
[0.844119] (example_pkg) StdoutLine: {'line': b"-- Added test 'lint_cmake' to check CMake code style\n"}
[0.844531] (example_pkg) StdoutLine: {'line': b"-- Added test 'pep257' to check Python code against some of the docstring style conventions in PEP 257\n"}
[0.844966] (milo_bringup) StdoutLine: {'line': b'-- Generating done (0.0s)\n'}
[0.845184] (example_pkg) StdoutLine: {'line': b"-- Added test 'uncrustify' to check C / C++ code style\n"}
[0.845252] (example_pkg) StdoutLine: {'line': b'-- Configured uncrustify additional arguments: \n'}
[0.845786] (milo_simulation) CommandEnded: {'returncode': 0}
[0.845965] (example_pkg) StdoutLine: {'line': b"-- Added test 'xmllint' to check XML markup files\n"}
[0.846198] (milo_simulation) JobProgress: {'identifier': 'milo_simulation', 'progress': 'build'}
[0.846208] (milo_bringup) StdoutLine: {'line': b'-- Build files have been written to: /root/milo_ws/build/milo_bringup\n'}
[0.846699] (milo_simulation) Command: {'cmd': ['/usr/bin/cmake', '--build', '/root/milo_ws/build/milo_simulation', '--', '-j32', '-l32'], 'cwd': '/root/milo_ws/build/milo_simulation', 'env': OrderedDict({'PYTHONBUFFERED': '1', 'GZ_SIM_RESOURCE_PATH': '/opt/ros/jazzy/share', 'GZ_CONFIG_PATH': '/opt/ros/jazzy/opt/gz_sim_vendor/share/gz:/opt/ros/jazzy/opt/sdformat_vendor/share/gz:/opt/ros/jazzy/opt/gz_gui_vendor/share/gz:/opt/ros/jazzy/opt/gz_transport_vendor/share/gz:/opt/ros/jazzy/opt/gz_rendering_vendor/share/gz:/opt/ros/jazzy/opt/gz_plugin_vendor/share/gz:/opt/ros/jazzy/opt/gz_fuel_tools_vendor/share/gz:/opt/ros/jazzy/opt/gz_msgs_vendor/share/gz:/opt/ros/jazzy/opt/gz_common_vendor/share/gz', 'HOSTNAME': 'james-Legion-5-16IRX9', 'SHLVL': '1', 'LD_LIBRARY_PATH': '/opt/ros/jazzy/opt/gz_sim_vendor/lib:/opt/ros/jazzy/opt/gz_sensors_vendor/lib:/opt/ros/jazzy/opt/gz_physics_vendor/lib:/opt/ros/jazzy/opt/sdformat_vendor/lib:/opt/ros/jazzy/opt/rviz_ogre_vendor/lib:/opt/ros/jazzy/lib/x86_64-linux-gnu:/opt/ros/jazzy/opt/gz_gui_vendor/lib:/opt/ros/jazzy/opt/gz_transport_vendor/lib:/opt/ros/jazzy/opt/gz_rendering_vendor/lib:/opt/ros/jazzy/opt/gz_plugin_vendor/lib:/opt/ros/jazzy/opt/gz_fuel_tools_vendor/lib:/opt/ros/jazzy/opt/gz_msgs_vendor/lib:/opt/ros/jazzy/opt/gz_common_vendor/lib:/opt/ros/jazzy/opt/gz_math_vendor/lib:/opt/ros/jazzy/opt/gz_utils_vendor/lib:/opt/ros/jazzy/opt/gz_tools_vendor/lib:/opt/ros/jazzy/opt/gz_ogre_next_vendor/lib:/opt/ros/jazzy/opt/gz_dartsim_vendor/lib:/opt/ros/jazzy/opt/gz_cmake_vendor/lib:/opt/ros/jazzy/lib', 'HOME': '/root', 'OLDPWD': '/root/milo_ws/src', 'ROS_PYTHON_VERSION': '3', 'ROS_DISTRO': 'jazzy', '_': '/usr/bin/colcon', 'ROS_VERSION': '2', 'NVIDIA_DRIVER_CAPABILITIES': 'graphics', 'TERM': 'xterm', 'QT_X11_NO_MITSHM': '1', 'PATH': '/opt/ros/jazzy/opt/gz_msgs_vendor/bin:/opt/ros/jazzy/opt/gz_tools_vendor/bin:/opt/ros/jazzy/opt/gz_ogre_next_vendor/bin:/opt/ros/jazzy/bin:/usr/local/sbin:/usr/local/bin:/usr/sbin:/usr/bin:/sbin:/bin', 'XDG_RUNTIME_DIR': '/tmp', 'DISPLAY': ':1', 'LANG': 'C.UTF-8', 'LS_COLORS': 'rs=0:di=01;34:ln=01;36:mh=00:pi=40;33:so=01;35:do=01;35:bd=40;33;01:cd=40;33;01:or=40;31;01:mi=00:su=37;41:sg=30;43:ca=00:tw=30;42:ow=34;42:st=37;44:ex=01;32:*.tar=01;31:*.tgz=01;31:*.arc=01;31:*.arj=01;31:*.taz=01;31:*.lha=01;31:*.lz4=01;31:*.lzh=01;31:*.lzma=01;31:*.tlz=01;31:*.txz=01;31:*.tzo=01;31:*.t7z=01;31:*.zip=01;31:*.z=01;31:*.dz=01;31:*.gz=01;31:*.lrz=01;31:*.lz=01;31:*.lzo=01;31:*.xz=01;31:*.zst=01;31:*.tzst=01;31:*.bz2=01;31:*.bz=01;31:*.tbz=01;31:*.tbz2=01;31:*.tz=01;31:*.deb=01;31:*.rpm=01;31:*.jar=01;31:*.war=01;31:*.ear=01;31:*.sar=01;31:*.rar=01;31:*.alz=01;31:*.ace=01;31:*.zoo=01;31:*.cpio=01;31:*.7z=01;31:*.rz=01;31:*.cab=01;31:*.wim=01;31:*.swm=01;31:*.dwm=01;31:*.esd=01;31:*.avif=01;35:*.jpg=01;35:*.jpeg=01;35:*.mjpg=01;35:*.mjpeg=01;35:*.gif=01;35:*.bmp=01;35:*.pbm=01;35:*.pgm=01;35:*.ppm=01;35:*.tga=01;35:*.xbm=01;35:*.xpm=01;35:*.tif=01;35:*.tiff=01;35:*.png=01;35:*.svg=01;35:*.svgz=01;35:*.mng=01;35:*.pcx=01;35:*.mov=01;35:*.mpg=01;35:*.mpeg=01;35:*.m2v=01;35:*.mkv=01;35:*.webm=01;35:*.webp=01;35:*.ogm=01;35:*.mp4=01;35:*.m4v=01;35:*.mp4v=01;35:*.vob=01;35:*.qt=01;35:*.nuv=01;35:*.wmv=01;35:*.asf=01;35:*.rm=01;35:*.rmvb=01;35:*.flc=01;35:*.avi=01;35:*.fli=01;35:*.flv=01;35:*.gl=01;35:*.dl=01;35:*.xcf=01;35:*.xwd=01;35:*.yuv=01;35:*.cgm=01;35:*.emf=01;35:*.ogv=01;35:*.ogx=01;35:*.aac=00;36:*.au=00;36:*.flac=00;36:*.m4a=00;36:*.mid=00;36:*.midi=00;36:*.mka=00;36:*.mp3=00;36:*.mpc=00;36:*.ogg=00;36:*.ra=00;36:*.wav=00;36:*.oga=00;36:*.opus=00;36:*.spx=00;36:*.xspf=00;36:*~=00;90:*#=00;90:*.bak=00;90:*.crdownload=00;90:*.dpkg-dist=00;90:*.dpkg-new=00;90:*.dpkg-old=00;90:*.dpkg-tmp=00;90:*.old=00;90:*.orig=00;90:*.part=00;90:*.rej=00;90:*.rpmnew=00;90:*.rpmorig=00;90:*.rpmsave=00;90:*.swp=00;90:*.tmp=00;90:*.ucf-dist=00;90:*.ucf-new=00;90:*.ucf-old=00;90:', 'AMENT_PREFIX_PATH': '/opt/ros/jazzy', 'ROS_AUTOMATIC_DISCOVERY_RANGE': 'SUBNET', 'PWD': '/root/milo_ws/build/milo_simulation', 'LC_ALL': 'C.UTF-8', 'PYTHONPATH': '/opt/ros/jazzy/lib/python3.12/site-packages', 'NVIDIA_VISIBLE_DEVICES': 'all', 'COLCON': '1', 'EDITOR': 'nano', 'CMAKE_PREFIX_PATH': '/opt/ros/jazzy/opt/gz_sim_vendor:/opt/ros/jazzy/opt/gz_sensors_vendor:/opt/ros/jazzy/opt/gz_physics_vendor:/opt/ros/jazzy/opt/sdformat_vendor:/opt/ros/jazzy/opt/gz_gui_vendor:/opt/ros/jazzy/opt/gz_transport_vendor:/opt/ros/jazzy/opt/gz_rendering_vendor:/opt/ros/jazzy/opt/gz_plugin_vendor:/opt/ros/jazzy/opt/gz_fuel_tools_vendor:/opt/ros/jazzy/opt/gz_msgs_vendor:/opt/ros/jazzy/opt/gz_common_vendor:/opt/ros/jazzy/opt/gz_math_vendor:/opt/ros/jazzy/opt/gz_utils_vendor:/opt/ros/jazzy/opt/gz_tools_vendor:/opt/ros/jazzy/opt/gz_ogre_next_vendor:/opt/ros/jazzy/opt/gz_dartsim_vendor:/opt/ros/jazzy/opt/gz_cmake_vendor:/opt/ros/jazzy'}), 'shell': False}
[0.847027] (example_pkg) StdoutLine: {'line': b'-- Configuring done (0.8s)\n'}
[0.847544] (milo_description) CommandEnded: {'returncode': 0}
[0.847715] (milo_description) JobProgress: {'identifier': 'milo_description', 'progress': 'build'}
[0.847891] (milo_description) Command: {'cmd': ['/usr/bin/cmake', '--build', '/root/milo_ws/build/milo_description', '--', '-j32', '-l32'], 'cwd': '/root/milo_ws/build/milo_description', 'env': OrderedDict({'PYTHONBUFFERED': '1', 'GZ_SIM_RESOURCE_PATH': '/opt/ros/jazzy/share', 'GZ_CONFIG_PATH': '/opt/ros/jazzy/opt/gz_sim_vendor/share/gz:/opt/ros/jazzy/opt/sdformat_vendor/share/gz:/opt/ros/jazzy/opt/gz_gui_vendor/share/gz:/opt/ros/jazzy/opt/gz_transport_vendor/share/gz:/opt/ros/jazzy/opt/gz_rendering_vendor/share/gz:/opt/ros/jazzy/opt/gz_plugin_vendor/share/gz:/opt/ros/jazzy/opt/gz_fuel_tools_vendor/share/gz:/opt/ros/jazzy/opt/gz_msgs_vendor/share/gz:/opt/ros/jazzy/opt/gz_common_vendor/share/gz', 'HOSTNAME': 'james-Legion-5-16IRX9', 'SHLVL': '1', 'LD_LIBRARY_PATH': '/opt/ros/jazzy/opt/gz_sim_vendor/lib:/opt/ros/jazzy/opt/gz_sensors_vendor/lib:/opt/ros/jazzy/opt/gz_physics_vendor/lib:/opt/ros/jazzy/opt/sdformat_vendor/lib:/opt/ros/jazzy/opt/rviz_ogre_vendor/lib:/opt/ros/jazzy/lib/x86_64-linux-gnu:/opt/ros/jazzy/opt/gz_gui_vendor/lib:/opt/ros/jazzy/opt/gz_transport_vendor/lib:/opt/ros/jazzy/opt/gz_rendering_vendor/lib:/opt/ros/jazzy/opt/gz_plugin_vendor/lib:/opt/ros/jazzy/opt/gz_fuel_tools_vendor/lib:/opt/ros/jazzy/opt/gz_msgs_vendor/lib:/opt/ros/jazzy/opt/gz_common_vendor/lib:/opt/ros/jazzy/opt/gz_math_vendor/lib:/opt/ros/jazzy/opt/gz_utils_vendor/lib:/opt/ros/jazzy/opt/gz_tools_vendor/lib:/opt/ros/jazzy/opt/gz_ogre_next_vendor/lib:/opt/ros/jazzy/opt/gz_dartsim_vendor/lib:/opt/ros/jazzy/opt/gz_cmake_vendor/lib:/opt/ros/jazzy/lib', 'HOME': '/root', 'OLDPWD': '/root/milo_ws/src', 'ROS_PYTHON_VERSION': '3', 'ROS_DISTRO': 'jazzy', '_': '/usr/bin/colcon', 'ROS_VERSION': '2', 'NVIDIA_DRIVER_CAPABILITIES': 'graphics', 'TERM': 'xterm', 'QT_X11_NO_MITSHM': '1', 'PATH': '/opt/ros/jazzy/opt/gz_msgs_vendor/bin:/opt/ros/jazzy/opt/gz_tools_vendor/bin:/opt/ros/jazzy/opt/gz_ogre_next_vendor/bin:/opt/ros/jazzy/bin:/usr/local/sbin:/usr/local/bin:/usr/sbin:/usr/bin:/sbin:/bin', 'XDG_RUNTIME_DIR': '/tmp', 'DISPLAY': ':1', 'LANG': 'C.UTF-8', 'LS_COLORS': 'rs=0:di=01;34:ln=01;36:mh=00:pi=40;33:so=01;35:do=01;35:bd=40;33;01:cd=40;33;01:or=40;31;01:mi=00:su=37;41:sg=30;43:ca=00:tw=30;42:ow=34;42:st=37;44:ex=01;32:*.tar=01;31:*.tgz=01;31:*.arc=01;31:*.arj=01;31:*.taz=01;31:*.lha=01;31:*.lz4=01;31:*.lzh=01;31:*.lzma=01;31:*.tlz=01;31:*.txz=01;31:*.tzo=01;31:*.t7z=01;31:*.zip=01;31:*.z=01;31:*.dz=01;31:*.gz=01;31:*.lrz=01;31:*.lz=01;31:*.lzo=01;31:*.xz=01;31:*.zst=01;31:*.tzst=01;31:*.bz2=01;31:*.bz=01;31:*.tbz=01;31:*.tbz2=01;31:*.tz=01;31:*.deb=01;31:*.rpm=01;31:*.jar=01;31:*.war=01;31:*.ear=01;31:*.sar=01;31:*.rar=01;31:*.alz=01;31:*.ace=01;31:*.zoo=01;31:*.cpio=01;31:*.7z=01;31:*.rz=01;31:*.cab=01;31:*.wim=01;31:*.swm=01;31:*.dwm=01;31:*.esd=01;31:*.avif=01;35:*.jpg=01;35:*.jpeg=01;35:*.mjpg=01;35:*.mjpeg=01;35:*.gif=01;35:*.bmp=01;35:*.pbm=01;35:*.pgm=01;35:*.ppm=01;35:*.tga=01;35:*.xbm=01;35:*.xpm=01;35:*.tif=01;35:*.tiff=01;35:*.png=01;35:*.svg=01;35:*.svgz=01;35:*.mng=01;35:*.pcx=01;35:*.mov=01;35:*.mpg=01;35:*.mpeg=01;35:*.m2v=01;35:*.mkv=01;35:*.webm=01;35:*.webp=01;35:*.ogm=01;35:*.mp4=01;35:*.m4v=01;35:*.mp4v=01;35:*.vob=01;35:*.qt=01;35:*.nuv=01;35:*.wmv=01;35:*.asf=01;35:*.rm=01;35:*.rmvb=01;35:*.flc=01;35:*.avi=01;35:*.fli=01;35:*.flv=01;35:*.gl=01;35:*.dl=01;35:*.xcf=01;35:*.xwd=01;35:*.yuv=01;35:*.cgm=01;35:*.emf=01;35:*.ogv=01;35:*.ogx=01;35:*.aac=00;36:*.au=00;36:*.flac=00;36:*.m4a=00;36:*.mid=00;36:*.midi=00;36:*.mka=00;36:*.mp3=00;36:*.mpc=00;36:*.ogg=00;36:*.ra=00;36:*.wav=00;36:*.oga=00;36:*.opus=00;36:*.spx=00;36:*.xspf=00;36:*~=00;90:*#=00;90:*.bak=00;90:*.crdownload=00;90:*.dpkg-dist=00;90:*.dpkg-new=00;90:*.dpkg-old=00;90:*.dpkg-tmp=00;90:*.old=00;90:*.orig=00;90:*.part=00;90:*.rej=00;90:*.rpmnew=00;90:*.rpmorig=00;90:*.rpmsave=00;90:*.swp=00;90:*.tmp=00;90:*.ucf-dist=00;90:*.ucf-new=00;90:*.ucf-old=00;90:', 'AMENT_PREFIX_PATH': '/opt/ros/jazzy', 'ROS_AUTOMATIC_DISCOVERY_RANGE': 'SUBNET', 'PWD': '/root/milo_ws/build/milo_description', 'LC_ALL': 'C.UTF-8', 'PYTHONPATH': '/opt/ros/jazzy/lib/python3.12/site-packages', 'NVIDIA_VISIBLE_DEVICES': 'all', 'COLCON': '1', 'EDITOR': 'nano', 'CMAKE_PREFIX_PATH': '/opt/ros/jazzy/opt/gz_sim_vendor:/opt/ros/jazzy/opt/gz_sensors_vendor:/opt/ros/jazzy/opt/gz_physics_vendor:/opt/ros/jazzy/opt/sdformat_vendor:/opt/ros/jazzy/opt/gz_gui_vendor:/opt/ros/jazzy/opt/gz_transport_vendor:/opt/ros/jazzy/opt/gz_rendering_vendor:/opt/ros/jazzy/opt/gz_plugin_vendor:/opt/ros/jazzy/opt/gz_fuel_tools_vendor:/opt/ros/jazzy/opt/gz_msgs_vendor:/opt/ros/jazzy/opt/gz_common_vendor:/opt/ros/jazzy/opt/gz_math_vendor:/opt/ros/jazzy/opt/gz_utils_vendor:/opt/ros/jazzy/opt/gz_tools_vendor:/opt/ros/jazzy/opt/gz_ogre_next_vendor:/opt/ros/jazzy/opt/gz_dartsim_vendor:/opt/ros/jazzy/opt/gz_cmake_vendor:/opt/ros/jazzy'}), 'shell': False}
[0.851377] (milo_bringup) CommandEnded: {'returncode': 0}
[0.852164] (milo_bringup) JobProgress: {'identifier': 'milo_bringup', 'progress': 'build'}
[0.852272] (milo_bringup) Command: {'cmd': ['/usr/bin/cmake', '--build', '/root/milo_ws/build/milo_bringup', '--', '-j32', '-l32'], 'cwd': '/root/milo_ws/build/milo_bringup', 'env': OrderedDict({'PYTHONBUFFERED': '1', 'GZ_SIM_RESOURCE_PATH': '/opt/ros/jazzy/share', 'GZ_CONFIG_PATH': '/opt/ros/jazzy/opt/gz_sim_vendor/share/gz:/opt/ros/jazzy/opt/sdformat_vendor/share/gz:/opt/ros/jazzy/opt/gz_gui_vendor/share/gz:/opt/ros/jazzy/opt/gz_transport_vendor/share/gz:/opt/ros/jazzy/opt/gz_rendering_vendor/share/gz:/opt/ros/jazzy/opt/gz_plugin_vendor/share/gz:/opt/ros/jazzy/opt/gz_fuel_tools_vendor/share/gz:/opt/ros/jazzy/opt/gz_msgs_vendor/share/gz:/opt/ros/jazzy/opt/gz_common_vendor/share/gz', 'HOSTNAME': 'james-Legion-5-16IRX9', 'SHLVL': '1', 'LD_LIBRARY_PATH': '/opt/ros/jazzy/opt/gz_sim_vendor/lib:/opt/ros/jazzy/opt/gz_sensors_vendor/lib:/opt/ros/jazzy/opt/gz_physics_vendor/lib:/opt/ros/jazzy/opt/sdformat_vendor/lib:/opt/ros/jazzy/opt/rviz_ogre_vendor/lib:/opt/ros/jazzy/lib/x86_64-linux-gnu:/opt/ros/jazzy/opt/gz_gui_vendor/lib:/opt/ros/jazzy/opt/gz_transport_vendor/lib:/opt/ros/jazzy/opt/gz_rendering_vendor/lib:/opt/ros/jazzy/opt/gz_plugin_vendor/lib:/opt/ros/jazzy/opt/gz_fuel_tools_vendor/lib:/opt/ros/jazzy/opt/gz_msgs_vendor/lib:/opt/ros/jazzy/opt/gz_common_vendor/lib:/opt/ros/jazzy/opt/gz_math_vendor/lib:/opt/ros/jazzy/opt/gz_utils_vendor/lib:/opt/ros/jazzy/opt/gz_tools_vendor/lib:/opt/ros/jazzy/opt/gz_ogre_next_vendor/lib:/opt/ros/jazzy/opt/gz_dartsim_vendor/lib:/opt/ros/jazzy/opt/gz_cmake_vendor/lib:/opt/ros/jazzy/lib', 'HOME': '/root', 'OLDPWD': '/root/milo_ws/src', 'ROS_PYTHON_VERSION': '3', 'ROS_DISTRO': 'jazzy', '_': '/usr/bin/colcon', 'ROS_VERSION': '2', 'NVIDIA_DRIVER_CAPABILITIES': 'graphics', 'TERM': 'xterm', 'QT_X11_NO_MITSHM': '1', 'PATH': '/opt/ros/jazzy/opt/gz_msgs_vendor/bin:/opt/ros/jazzy/opt/gz_tools_vendor/bin:/opt/ros/jazzy/opt/gz_ogre_next_vendor/bin:/opt/ros/jazzy/bin:/usr/local/sbin:/usr/local/bin:/usr/sbin:/usr/bin:/sbin:/bin', 'XDG_RUNTIME_DIR': '/tmp', 'DISPLAY': ':1', 'LANG': 'C.UTF-8', 'LS_COLORS': 'rs=0:di=01;34:ln=01;36:mh=00:pi=40;33:so=01;35:do=01;35:bd=40;33;01:cd=40;33;01:or=40;31;01:mi=00:su=37;41:sg=30;43:ca=00:tw=30;42:ow=34;42:st=37;44:ex=01;32:*.tar=01;31:*.tgz=01;31:*.arc=01;31:*.arj=01;31:*.taz=01;31:*.lha=01;31:*.lz4=01;31:*.lzh=01;31:*.lzma=01;31:*.tlz=01;31:*.txz=01;31:*.tzo=01;31:*.t7z=01;31:*.zip=01;31:*.z=01;31:*.dz=01;31:*.gz=01;31:*.lrz=01;31:*.lz=01;31:*.lzo=01;31:*.xz=01;31:*.zst=01;31:*.tzst=01;31:*.bz2=01;31:*.bz=01;31:*.tbz=01;31:*.tbz2=01;31:*.tz=01;31:*.deb=01;31:*.rpm=01;31:*.jar=01;31:*.war=01;31:*.ear=01;31:*.sar=01;31:*.rar=01;31:*.alz=01;31:*.ace=01;31:*.zoo=01;31:*.cpio=01;31:*.7z=01;31:*.rz=01;31:*.cab=01;31:*.wim=01;31:*.swm=01;31:*.dwm=01;31:*.esd=01;31:*.avif=01;35:*.jpg=01;35:*.jpeg=01;35:*.mjpg=01;35:*.mjpeg=01;35:*.gif=01;35:*.bmp=01;35:*.pbm=01;35:*.pgm=01;35:*.ppm=01;35:*.tga=01;35:*.xbm=01;35:*.xpm=01;35:*.tif=01;35:*.tiff=01;35:*.png=01;35:*.svg=01;35:*.svgz=01;35:*.mng=01;35:*.pcx=01;35:*.mov=01;35:*.mpg=01;35:*.mpeg=01;35:*.m2v=01;35:*.mkv=01;35:*.webm=01;35:*.webp=01;35:*.ogm=01;35:*.mp4=01;35:*.m4v=01;35:*.mp4v=01;35:*.vob=01;35:*.qt=01;35:*.nuv=01;35:*.wmv=01;35:*.asf=01;35:*.rm=01;35:*.rmvb=01;35:*.flc=01;35:*.avi=01;35:*.fli=01;35:*.flv=01;35:*.gl=01;35:*.dl=01;35:*.xcf=01;35:*.xwd=01;35:*.yuv=01;35:*.cgm=01;35:*.emf=01;35:*.ogv=01;35:*.ogx=01;35:*.aac=00;36:*.au=00;36:*.flac=00;36:*.m4a=00;36:*.mid=00;36:*.midi=00;36:*.mka=00;36:*.mp3=00;36:*.mpc=00;36:*.ogg=00;36:*.ra=00;36:*.wav=00;36:*.oga=00;36:*.opus=00;36:*.spx=00;36:*.xspf=00;36:*~=00;90:*#=00;90:*.bak=00;90:*.crdownload=00;90:*.dpkg-dist=00;90:*.dpkg-new=00;90:*.dpkg-old=00;90:*.dpkg-tmp=00;90:*.old=00;90:*.orig=00;90:*.part=00;90:*.rej=00;90:*.rpmnew=00;90:*.rpmorig=00;90:*.rpmsave=00;90:*.swp=00;90:*.tmp=00;90:*.ucf-dist=00;90:*.ucf-new=00;90:*.ucf-old=00;90:', 'AMENT_PREFIX_PATH': '/opt/ros/jazzy', 'ROS_AUTOMATIC_DISCOVERY_RANGE': 'SUBNET', 'PWD': '/root/milo_ws/build/milo_bringup', 'LC_ALL': 'C.UTF-8', 'PYTHONPATH': '/opt/ros/jazzy/lib/python3.12/site-packages', 'NVIDIA_VISIBLE_DEVICES': 'all', 'COLCON': '1', 'EDITOR': 'nano', 'CMAKE_PREFIX_PATH': '/opt/ros/jazzy/opt/gz_sim_vendor:/opt/ros/jazzy/opt/gz_sensors_vendor:/opt/ros/jazzy/opt/gz_physics_vendor:/opt/ros/jazzy/opt/sdformat_vendor:/opt/ros/jazzy/opt/gz_gui_vendor:/opt/ros/jazzy/opt/gz_transport_vendor:/opt/ros/jazzy/opt/gz_rendering_vendor:/opt/ros/jazzy/opt/gz_plugin_vendor:/opt/ros/jazzy/opt/gz_fuel_tools_vendor:/opt/ros/jazzy/opt/gz_msgs_vendor:/opt/ros/jazzy/opt/gz_common_vendor:/opt/ros/jazzy/opt/gz_math_vendor:/opt/ros/jazzy/opt/gz_utils_vendor:/opt/ros/jazzy/opt/gz_tools_vendor:/opt/ros/jazzy/opt/gz_ogre_next_vendor:/opt/ros/jazzy/opt/gz_dartsim_vendor:/opt/ros/jazzy/opt/gz_cmake_vendor:/opt/ros/jazzy'}), 'shell': False}
[0.852535] (example_pkg) StdoutLine: {'line': b'-- Generating done (0.0s)\n'}
[0.854165] (example_pkg) StdoutLine: {'line': b'-- Build files have been written to: /root/milo_ws/build/example_pkg\n'}
[0.859331] (example_pkg) CommandEnded: {'returncode': 0}
[0.859641] (example_pkg) JobProgress: {'identifier': 'example_pkg', 'progress': 'build'}
[0.860078] (example_pkg) Command: {'cmd': ['/usr/bin/cmake', '--build', '/root/milo_ws/build/example_pkg', '--', '-j32', '-l32'], 'cwd': '/root/milo_ws/build/example_pkg', 'env': OrderedDict({'PYTHONBUFFERED': '1', 'GZ_SIM_RESOURCE_PATH': '/opt/ros/jazzy/share', 'GZ_CONFIG_PATH': '/opt/ros/jazzy/opt/gz_sim_vendor/share/gz:/opt/ros/jazzy/opt/sdformat_vendor/share/gz:/opt/ros/jazzy/opt/gz_gui_vendor/share/gz:/opt/ros/jazzy/opt/gz_transport_vendor/share/gz:/opt/ros/jazzy/opt/gz_rendering_vendor/share/gz:/opt/ros/jazzy/opt/gz_plugin_vendor/share/gz:/opt/ros/jazzy/opt/gz_fuel_tools_vendor/share/gz:/opt/ros/jazzy/opt/gz_msgs_vendor/share/gz:/opt/ros/jazzy/opt/gz_common_vendor/share/gz', 'HOSTNAME': 'james-Legion-5-16IRX9', 'SHLVL': '1', 'LD_LIBRARY_PATH': '/opt/ros/jazzy/opt/gz_sim_vendor/lib:/opt/ros/jazzy/opt/gz_sensors_vendor/lib:/opt/ros/jazzy/opt/gz_physics_vendor/lib:/opt/ros/jazzy/opt/sdformat_vendor/lib:/opt/ros/jazzy/opt/rviz_ogre_vendor/lib:/opt/ros/jazzy/lib/x86_64-linux-gnu:/opt/ros/jazzy/opt/gz_gui_vendor/lib:/opt/ros/jazzy/opt/gz_transport_vendor/lib:/opt/ros/jazzy/opt/gz_rendering_vendor/lib:/opt/ros/jazzy/opt/gz_plugin_vendor/lib:/opt/ros/jazzy/opt/gz_fuel_tools_vendor/lib:/opt/ros/jazzy/opt/gz_msgs_vendor/lib:/opt/ros/jazzy/opt/gz_common_vendor/lib:/opt/ros/jazzy/opt/gz_math_vendor/lib:/opt/ros/jazzy/opt/gz_utils_vendor/lib:/opt/ros/jazzy/opt/gz_tools_vendor/lib:/opt/ros/jazzy/opt/gz_ogre_next_vendor/lib:/opt/ros/jazzy/opt/gz_dartsim_vendor/lib:/opt/ros/jazzy/opt/gz_cmake_vendor/lib:/opt/ros/jazzy/lib', 'HOME': '/root', 'OLDPWD': '/root/milo_ws/src', 'ROS_PYTHON_VERSION': '3', 'ROS_DISTRO': 'jazzy', '_': '/usr/bin/colcon', 'ROS_VERSION': '2', 'NVIDIA_DRIVER_CAPABILITIES': 'graphics', 'TERM': 'xterm', 'QT_X11_NO_MITSHM': '1', 'PATH': '/opt/ros/jazzy/opt/gz_msgs_vendor/bin:/opt/ros/jazzy/opt/gz_tools_vendor/bin:/opt/ros/jazzy/opt/gz_ogre_next_vendor/bin:/opt/ros/jazzy/bin:/usr/local/sbin:/usr/local/bin:/usr/sbin:/usr/bin:/sbin:/bin', 'XDG_RUNTIME_DIR': '/tmp', 'DISPLAY': ':1', 'LANG': 'C.UTF-8', 'LS_COLORS': 'rs=0:di=01;34:ln=01;36:mh=00:pi=40;33:so=01;35:do=01;35:bd=40;33;01:cd=40;33;01:or=40;31;01:mi=00:su=37;41:sg=30;43:ca=00:tw=30;42:ow=34;42:st=37;44:ex=01;32:*.tar=01;31:*.tgz=01;31:*.arc=01;31:*.arj=01;31:*.taz=01;31:*.lha=01;31:*.lz4=01;31:*.lzh=01;31:*.lzma=01;31:*.tlz=01;31:*.txz=01;31:*.tzo=01;31:*.t7z=01;31:*.zip=01;31:*.z=01;31:*.dz=01;31:*.gz=01;31:*.lrz=01;31:*.lz=01;31:*.lzo=01;31:*.xz=01;31:*.zst=01;31:*.tzst=01;31:*.bz2=01;31:*.bz=01;31:*.tbz=01;31:*.tbz2=01;31:*.tz=01;31:*.deb=01;31:*.rpm=01;31:*.jar=01;31:*.war=01;31:*.ear=01;31:*.sar=01;31:*.rar=01;31:*.alz=01;31:*.ace=01;31:*.zoo=01;31:*.cpio=01;31:*.7z=01;31:*.rz=01;31:*.cab=01;31:*.wim=01;31:*.swm=01;31:*.dwm=01;31:*.esd=01;31:*.avif=01;35:*.jpg=01;35:*.jpeg=01;35:*.mjpg=01;35:*.mjpeg=01;35:*.gif=01;35:*.bmp=01;35:*.pbm=01;35:*.pgm=01;35:*.ppm=01;35:*.tga=01;35:*.xbm=01;35:*.xpm=01;35:*.tif=01;35:*.tiff=01;35:*.png=01;35:*.svg=01;35:*.svgz=01;35:*.mng=01;35:*.pcx=01;35:*.mov=01;35:*.mpg=01;35:*.mpeg=01;35:*.m2v=01;35:*.mkv=01;35:*.webm=01;35:*.webp=01;35:*.ogm=01;35:*.mp4=01;35:*.m4v=01;35:*.mp4v=01;35:*.vob=01;35:*.qt=01;35:*.nuv=01;35:*.wmv=01;35:*.asf=01;35:*.rm=01;35:*.rmvb=01;35:*.flc=01;35:*.avi=01;35:*.fli=01;35:*.flv=01;35:*.gl=01;35:*.dl=01;35:*.xcf=01;35:*.xwd=01;35:*.yuv=01;35:*.cgm=01;35:*.emf=01;35:*.ogv=01;35:*.ogx=01;35:*.aac=00;36:*.au=00;36:*.flac=00;36:*.m4a=00;36:*.mid=00;36:*.midi=00;36:*.mka=00;36:*.mp3=00;36:*.mpc=00;36:*.ogg=00;36:*.ra=00;36:*.wav=00;36:*.oga=00;36:*.opus=00;36:*.spx=00;36:*.xspf=00;36:*~=00;90:*#=00;90:*.bak=00;90:*.crdownload=00;90:*.dpkg-dist=00;90:*.dpkg-new=00;90:*.dpkg-old=00;90:*.dpkg-tmp=00;90:*.old=00;90:*.orig=00;90:*.part=00;90:*.rej=00;90:*.rpmnew=00;90:*.rpmorig=00;90:*.rpmsave=00;90:*.swp=00;90:*.tmp=00;90:*.ucf-dist=00;90:*.ucf-new=00;90:*.ucf-old=00;90:', 'AMENT_PREFIX_PATH': '/opt/ros/jazzy', 'ROS_AUTOMATIC_DISCOVERY_RANGE': 'SUBNET', 'PWD': '/root/milo_ws/build/example_pkg', 'LC_ALL': 'C.UTF-8', 'PYTHONPATH': '/opt/ros/jazzy/lib/python3.12/site-packages', 'NVIDIA_VISIBLE_DEVICES': 'all', 'COLCON': '1', 'EDITOR': 'nano', 'CMAKE_PREFIX_PATH': '/opt/ros/jazzy/opt/gz_sim_vendor:/opt/ros/jazzy/opt/gz_sensors_vendor:/opt/ros/jazzy/opt/gz_physics_vendor:/opt/ros/jazzy/opt/sdformat_vendor:/opt/ros/jazzy/opt/gz_gui_vendor:/opt/ros/jazzy/opt/gz_transport_vendor:/opt/ros/jazzy/opt/gz_rendering_vendor:/opt/ros/jazzy/opt/gz_plugin_vendor:/opt/ros/jazzy/opt/gz_fuel_tools_vendor:/opt/ros/jazzy/opt/gz_msgs_vendor:/opt/ros/jazzy/opt/gz_common_vendor:/opt/ros/jazzy/opt/gz_math_vendor:/opt/ros/jazzy/opt/gz_utils_vendor:/opt/ros/jazzy/opt/gz_tools_vendor:/opt/ros/jazzy/opt/gz_ogre_next_vendor:/opt/ros/jazzy/opt/gz_dartsim_vendor:/opt/ros/jazzy/opt/gz_cmake_vendor:/opt/ros/jazzy'}), 'shell': False}
[0.892902] (milo_simulation) StdoutLine: {'line': b'Built target ament_cmake_python_copy_milo_simulation\n'}
[0.893400] (milo_description) StdoutLine: {'line': b'Built target ament_cmake_python_copy_milo_description\n'}
[0.893513] (example_pkg) StdoutLine: {'line': b'[ 50%] \x1b[32mBuilding CXX object CMakeFiles/example_node_cpp.dir/src/example_node_cpp.cpp.o\x1b[0m\n'}
[0.894416] (milo_bringup) StdoutLine: {'line': b'Built target ament_cmake_python_copy_milo_bringup\n'}
[0.898929] (example_pkg) StdoutLine: {'line': b'[ 50%] Built target ament_cmake_python_copy_example_pkg\n'}
[0.900693] (-) TimerEvent: {}
[1.000997] (-) TimerEvent: {}
[1.002447] (milo_simulation) StdoutLine: {'line': b'running egg_info\n'}
[1.002612] (milo_description) StdoutLine: {'line': b'running egg_info\n'}
[1.002894] (milo_simulation) StdoutLine: {'line': b'creating milo_simulation.egg-info\n'}
[1.003031] (milo_description) StdoutLine: {'line': b'creating milo_description.egg-info\n'}
[1.003249] (milo_bringup) StdoutLine: {'line': b'running egg_info\n'}
[1.003819] (milo_bringup) StdoutLine: {'line': b'creating milo_bringup.egg-info\n'}
[1.004141] (example_pkg) StdoutLine: {'line': b'running egg_info\n'}
[1.004432] (example_pkg) StdoutLine: {'line': b'creating example_pkg.egg-info\n'}
[1.011131] (milo_simulation) StdoutLine: {'line': b'writing milo_simulation.egg-info/PKG-INFO\n'}
[1.011374] (milo_simulation) StdoutLine: {'line': b'writing dependency_links to milo_simulation.egg-info/dependency_links.txt\n'}
[1.011445] (milo_description) StdoutLine: {'line': b'writing milo_description.egg-info/PKG-INFO\n'}
[1.011672] (milo_description) StdoutLine: {'line': b'writing dependency_links to milo_description.egg-info/dependency_links.txt\n'}
[1.011715] (milo_description) StdoutLine: {'line': b'writing top-level names to milo_description.egg-info/top_level.txt\n'}
[1.011746] (milo_description) StdoutLine: {'line': b"writing manifest file 'milo_description.egg-info/SOURCES.txt'\n"}
[1.011775] (milo_simulation) StdoutLine: {'line': b'writing top-level names to milo_simulation.egg-info/top_level.txt\n'}
[1.011805] (milo_simulation) StdoutLine: {'line': b"writing manifest file 'milo_simulation.egg-info/SOURCES.txt'\n"}
[1.012106] (milo_bringup) StdoutLine: {'line': b'writing milo_bringup.egg-info/PKG-INFO\n'}
[1.012180] (milo_bringup) StdoutLine: {'line': b'writing dependency_links to milo_bringup.egg-info/dependency_links.txt\n'}
[1.012214] (milo_bringup) StdoutLine: {'line': b'writing top-level names to milo_bringup.egg-info/top_level.txt\n'}
[1.012243] (milo_bringup) StdoutLine: {'line': b"writing manifest file 'milo_bringup.egg-info/SOURCES.txt'\n"}
[1.012738] (example_pkg) StdoutLine: {'line': b'writing example_pkg.egg-info/PKG-INFO\n'}
[1.012801] (example_pkg) StdoutLine: {'line': b'writing dependency_links to example_pkg.egg-info/dependency_links.txt\n'}
[1.012859] (example_pkg) StdoutLine: {'line': b'writing top-level names to example_pkg.egg-info/top_level.txt\n'}
[1.012887] (example_pkg) StdoutLine: {'line': b"writing manifest file 'example_pkg.egg-info/SOURCES.txt'\n"}
[1.035850] (milo_simulation) StdoutLine: {'line': b"reading manifest file 'milo_simulation.egg-info/SOURCES.txt'\n"}
[1.035962] (milo_description) StdoutLine: {'line': b"reading manifest file 'milo_description.egg-info/SOURCES.txt'\n"}
[1.036241] (milo_simulation) StdoutLine: {'line': b"writing manifest file 'milo_simulation.egg-info/SOURCES.txt'\n"}
[1.036301] (milo_description) StdoutLine: {'line': b"writing manifest file 'milo_description.egg-info/SOURCES.txt'\n"}
[1.038277] (example_pkg) StdoutLine: {'line': b"reading manifest file 'example_pkg.egg-info/SOURCES.txt'\n"}
[1.038427] (example_pkg) StdoutLine: {'line': b"writing manifest file 'example_pkg.egg-info/SOURCES.txt'\n"}
[1.038665] (milo_bringup) StdoutLine: {'line': b"reading manifest file 'milo_bringup.egg-info/SOURCES.txt'\n"}
[1.038972] (milo_bringup) StdoutLine: {'line': b"writing manifest file 'milo_bringup.egg-info/SOURCES.txt'\n"}
[1.053486] (milo_description) StdoutLine: {'line': b'Built target ament_cmake_python_build_milo_description_egg\n'}
[1.053828] (milo_simulation) StdoutLine: {'line': b'Built target ament_cmake_python_build_milo_simulation_egg\n'}
[1.056688] (milo_bringup) StdoutLine: {'line': b'Built target ament_cmake_python_build_milo_bringup_egg\n'}
[1.057529] (example_pkg) StdoutLine: {'line': b'[ 50%] Built target ament_cmake_python_build_example_pkg_egg\n'}
[1.061351] (milo_simulation) CommandEnded: {'returncode': 0}
[1.061703] (milo_simulation) JobProgress: {'identifier': 'milo_simulation', 'progress': 'install'}
[1.069211] (milo_simulation) Command: {'cmd': ['/usr/bin/cmake', '--install', '/root/milo_ws/build/milo_simulation'], 'cwd': '/root/milo_ws/build/milo_simulation', 'env': OrderedDict({'PYTHONBUFFERED': '1', 'GZ_SIM_RESOURCE_PATH': '/opt/ros/jazzy/share', 'GZ_CONFIG_PATH': '/opt/ros/jazzy/opt/gz_sim_vendor/share/gz:/opt/ros/jazzy/opt/sdformat_vendor/share/gz:/opt/ros/jazzy/opt/gz_gui_vendor/share/gz:/opt/ros/jazzy/opt/gz_transport_vendor/share/gz:/opt/ros/jazzy/opt/gz_rendering_vendor/share/gz:/opt/ros/jazzy/opt/gz_plugin_vendor/share/gz:/opt/ros/jazzy/opt/gz_fuel_tools_vendor/share/gz:/opt/ros/jazzy/opt/gz_msgs_vendor/share/gz:/opt/ros/jazzy/opt/gz_common_vendor/share/gz', 'HOSTNAME': 'james-Legion-5-16IRX9', 'SHLVL': '1', 'LD_LIBRARY_PATH': '/opt/ros/jazzy/opt/gz_sim_vendor/lib:/opt/ros/jazzy/opt/gz_sensors_vendor/lib:/opt/ros/jazzy/opt/gz_physics_vendor/lib:/opt/ros/jazzy/opt/sdformat_vendor/lib:/opt/ros/jazzy/opt/rviz_ogre_vendor/lib:/opt/ros/jazzy/lib/x86_64-linux-gnu:/opt/ros/jazzy/opt/gz_gui_vendor/lib:/opt/ros/jazzy/opt/gz_transport_vendor/lib:/opt/ros/jazzy/opt/gz_rendering_vendor/lib:/opt/ros/jazzy/opt/gz_plugin_vendor/lib:/opt/ros/jazzy/opt/gz_fuel_tools_vendor/lib:/opt/ros/jazzy/opt/gz_msgs_vendor/lib:/opt/ros/jazzy/opt/gz_common_vendor/lib:/opt/ros/jazzy/opt/gz_math_vendor/lib:/opt/ros/jazzy/opt/gz_utils_vendor/lib:/opt/ros/jazzy/opt/gz_tools_vendor/lib:/opt/ros/jazzy/opt/gz_ogre_next_vendor/lib:/opt/ros/jazzy/opt/gz_dartsim_vendor/lib:/opt/ros/jazzy/opt/gz_cmake_vendor/lib:/opt/ros/jazzy/lib', 'HOME': '/root', 'OLDPWD': '/root/milo_ws/src', 'ROS_PYTHON_VERSION': '3', 'ROS_DISTRO': 'jazzy', '_': '/usr/bin/colcon', 'ROS_VERSION': '2', 'NVIDIA_DRIVER_CAPABILITIES': 'graphics', 'TERM': 'xterm', 'QT_X11_NO_MITSHM': '1', 'PATH': '/opt/ros/jazzy/opt/gz_msgs_vendor/bin:/opt/ros/jazzy/opt/gz_tools_vendor/bin:/opt/ros/jazzy/opt/gz_ogre_next_vendor/bin:/opt/ros/jazzy/bin:/usr/local/sbin:/usr/local/bin:/usr/sbin:/usr/bin:/sbin:/bin', 'XDG_RUNTIME_DIR': '/tmp', 'DISPLAY': ':1', 'LANG': 'C.UTF-8', 'LS_COLORS': 'rs=0:di=01;34:ln=01;36:mh=00:pi=40;33:so=01;35:do=01;35:bd=40;33;01:cd=40;33;01:or=40;31;01:mi=00:su=37;41:sg=30;43:ca=00:tw=30;42:ow=34;42:st=37;44:ex=01;32:*.tar=01;31:*.tgz=01;31:*.arc=01;31:*.arj=01;31:*.taz=01;31:*.lha=01;31:*.lz4=01;31:*.lzh=01;31:*.lzma=01;31:*.tlz=01;31:*.txz=01;31:*.tzo=01;31:*.t7z=01;31:*.zip=01;31:*.z=01;31:*.dz=01;31:*.gz=01;31:*.lrz=01;31:*.lz=01;31:*.lzo=01;31:*.xz=01;31:*.zst=01;31:*.tzst=01;31:*.bz2=01;31:*.bz=01;31:*.tbz=01;31:*.tbz2=01;31:*.tz=01;31:*.deb=01;31:*.rpm=01;31:*.jar=01;31:*.war=01;31:*.ear=01;31:*.sar=01;31:*.rar=01;31:*.alz=01;31:*.ace=01;31:*.zoo=01;31:*.cpio=01;31:*.7z=01;31:*.rz=01;31:*.cab=01;31:*.wim=01;31:*.swm=01;31:*.dwm=01;31:*.esd=01;31:*.avif=01;35:*.jpg=01;35:*.jpeg=01;35:*.mjpg=01;35:*.mjpeg=01;35:*.gif=01;35:*.bmp=01;35:*.pbm=01;35:*.pgm=01;35:*.ppm=01;35:*.tga=01;35:*.xbm=01;35:*.xpm=01;35:*.tif=01;35:*.tiff=01;35:*.png=01;35:*.svg=01;35:*.svgz=01;35:*.mng=01;35:*.pcx=01;35:*.mov=01;35:*.mpg=01;35:*.mpeg=01;35:*.m2v=01;35:*.mkv=01;35:*.webm=01;35:*.webp=01;35:*.ogm=01;35:*.mp4=01;35:*.m4v=01;35:*.mp4v=01;35:*.vob=01;35:*.qt=01;35:*.nuv=01;35:*.wmv=01;35:*.asf=01;35:*.rm=01;35:*.rmvb=01;35:*.flc=01;35:*.avi=01;35:*.fli=01;35:*.flv=01;35:*.gl=01;35:*.dl=01;35:*.xcf=01;35:*.xwd=01;35:*.yuv=01;35:*.cgm=01;35:*.emf=01;35:*.ogv=01;35:*.ogx=01;35:*.aac=00;36:*.au=00;36:*.flac=00;36:*.m4a=00;36:*.mid=00;36:*.midi=00;36:*.mka=00;36:*.mp3=00;36:*.mpc=00;36:*.ogg=00;36:*.ra=00;36:*.wav=00;36:*.oga=00;36:*.opus=00;36:*.spx=00;36:*.xspf=00;36:*~=00;90:*#=00;90:*.bak=00;90:*.crdownload=00;90:*.dpkg-dist=00;90:*.dpkg-new=00;90:*.dpkg-old=00;90:*.dpkg-tmp=00;90:*.old=00;90:*.orig=00;90:*.part=00;90:*.rej=00;90:*.rpmnew=00;90:*.rpmorig=00;90:*.rpmsave=00;90:*.swp=00;90:*.tmp=00;90:*.ucf-dist=00;90:*.ucf-new=00;90:*.ucf-old=00;90:', 'AMENT_PREFIX_PATH': '/opt/ros/jazzy', 'ROS_AUTOMATIC_DISCOVERY_RANGE': 'SUBNET', 'PWD': '/root/milo_ws/build/milo_simulation', 'LC_ALL': 'C.UTF-8', 'PYTHONPATH': '/opt/ros/jazzy/lib/python3.12/site-packages', 'NVIDIA_VISIBLE_DEVICES': 'all', 'COLCON': '1', 'EDITOR': 'nano', 'CMAKE_PREFIX_PATH': '/opt/ros/jazzy/opt/gz_sim_vendor:/opt/ros/jazzy/opt/gz_sensors_vendor:/opt/ros/jazzy/opt/gz_physics_vendor:/opt/ros/jazzy/opt/sdformat_vendor:/opt/ros/jazzy/opt/gz_gui_vendor:/opt/ros/jazzy/opt/gz_transport_vendor:/opt/ros/jazzy/opt/gz_rendering_vendor:/opt/ros/jazzy/opt/gz_plugin_vendor:/opt/ros/jazzy/opt/gz_fuel_tools_vendor:/opt/ros/jazzy/opt/gz_msgs_vendor:/opt/ros/jazzy/opt/gz_common_vendor:/opt/ros/jazzy/opt/gz_math_vendor:/opt/ros/jazzy/opt/gz_utils_vendor:/opt/ros/jazzy/opt/gz_tools_vendor:/opt/ros/jazzy/opt/gz_ogre_next_vendor:/opt/ros/jazzy/opt/gz_dartsim_vendor:/opt/ros/jazzy/opt/gz_cmake_vendor:/opt/ros/jazzy'}), 'shell': False}
[1.069790] (milo_description) CommandEnded: {'returncode': 0}
[1.070145] (milo_description) JobProgress: {'identifier': 'milo_description', 'progress': 'install'}
[1.070377] (milo_description) Command: {'cmd': ['/usr/bin/cmake', '--install', '/root/milo_ws/build/milo_description'], 'cwd': '/root/milo_ws/build/milo_description', 'env': OrderedDict({'PYTHONBUFFERED': '1', 'GZ_SIM_RESOURCE_PATH': '/opt/ros/jazzy/share', 'GZ_CONFIG_PATH': '/opt/ros/jazzy/opt/gz_sim_vendor/share/gz:/opt/ros/jazzy/opt/sdformat_vendor/share/gz:/opt/ros/jazzy/opt/gz_gui_vendor/share/gz:/opt/ros/jazzy/opt/gz_transport_vendor/share/gz:/opt/ros/jazzy/opt/gz_rendering_vendor/share/gz:/opt/ros/jazzy/opt/gz_plugin_vendor/share/gz:/opt/ros/jazzy/opt/gz_fuel_tools_vendor/share/gz:/opt/ros/jazzy/opt/gz_msgs_vendor/share/gz:/opt/ros/jazzy/opt/gz_common_vendor/share/gz', 'HOSTNAME': 'james-Legion-5-16IRX9', 'SHLVL': '1', 'LD_LIBRARY_PATH': '/opt/ros/jazzy/opt/gz_sim_vendor/lib:/opt/ros/jazzy/opt/gz_sensors_vendor/lib:/opt/ros/jazzy/opt/gz_physics_vendor/lib:/opt/ros/jazzy/opt/sdformat_vendor/lib:/opt/ros/jazzy/opt/rviz_ogre_vendor/lib:/opt/ros/jazzy/lib/x86_64-linux-gnu:/opt/ros/jazzy/opt/gz_gui_vendor/lib:/opt/ros/jazzy/opt/gz_transport_vendor/lib:/opt/ros/jazzy/opt/gz_rendering_vendor/lib:/opt/ros/jazzy/opt/gz_plugin_vendor/lib:/opt/ros/jazzy/opt/gz_fuel_tools_vendor/lib:/opt/ros/jazzy/opt/gz_msgs_vendor/lib:/opt/ros/jazzy/opt/gz_common_vendor/lib:/opt/ros/jazzy/opt/gz_math_vendor/lib:/opt/ros/jazzy/opt/gz_utils_vendor/lib:/opt/ros/jazzy/opt/gz_tools_vendor/lib:/opt/ros/jazzy/opt/gz_ogre_next_vendor/lib:/opt/ros/jazzy/opt/gz_dartsim_vendor/lib:/opt/ros/jazzy/opt/gz_cmake_vendor/lib:/opt/ros/jazzy/lib', 'HOME': '/root', 'OLDPWD': '/root/milo_ws/src', 'ROS_PYTHON_VERSION': '3', 'ROS_DISTRO': 'jazzy', '_': '/usr/bin/colcon', 'ROS_VERSION': '2', 'NVIDIA_DRIVER_CAPABILITIES': 'graphics', 'TERM': 'xterm', 'QT_X11_NO_MITSHM': '1', 'PATH': '/opt/ros/jazzy/opt/gz_msgs_vendor/bin:/opt/ros/jazzy/opt/gz_tools_vendor/bin:/opt/ros/jazzy/opt/gz_ogre_next_vendor/bin:/opt/ros/jazzy/bin:/usr/local/sbin:/usr/local/bin:/usr/sbin:/usr/bin:/sbin:/bin', 'XDG_RUNTIME_DIR': '/tmp', 'DISPLAY': ':1', 'LANG': 'C.UTF-8', 'LS_COLORS': 'rs=0:di=01;34:ln=01;36:mh=00:pi=40;33:so=01;35:do=01;35:bd=40;33;01:cd=40;33;01:or=40;31;01:mi=00:su=37;41:sg=30;43:ca=00:tw=30;42:ow=34;42:st=37;44:ex=01;32:*.tar=01;31:*.tgz=01;31:*.arc=01;31:*.arj=01;31:*.taz=01;31:*.lha=01;31:*.lz4=01;31:*.lzh=01;31:*.lzma=01;31:*.tlz=01;31:*.txz=01;31:*.tzo=01;31:*.t7z=01;31:*.zip=01;31:*.z=01;31:*.dz=01;31:*.gz=01;31:*.lrz=01;31:*.lz=01;31:*.lzo=01;31:*.xz=01;31:*.zst=01;31:*.tzst=01;31:*.bz2=01;31:*.bz=01;31:*.tbz=01;31:*.tbz2=01;31:*.tz=01;31:*.deb=01;31:*.rpm=01;31:*.jar=01;31:*.war=01;31:*.ear=01;31:*.sar=01;31:*.rar=01;31:*.alz=01;31:*.ace=01;31:*.zoo=01;31:*.cpio=01;31:*.7z=01;31:*.rz=01;31:*.cab=01;31:*.wim=01;31:*.swm=01;31:*.dwm=01;31:*.esd=01;31:*.avif=01;35:*.jpg=01;35:*.jpeg=01;35:*.mjpg=01;35:*.mjpeg=01;35:*.gif=01;35:*.bmp=01;35:*.pbm=01;35:*.pgm=01;35:*.ppm=01;35:*.tga=01;35:*.xbm=01;35:*.xpm=01;35:*.tif=01;35:*.tiff=01;35:*.png=01;35:*.svg=01;35:*.svgz=01;35:*.mng=01;35:*.pcx=01;35:*.mov=01;35:*.mpg=01;35:*.mpeg=01;35:*.m2v=01;35:*.mkv=01;35:*.webm=01;35:*.webp=01;35:*.ogm=01;35:*.mp4=01;35:*.m4v=01;35:*.mp4v=01;35:*.vob=01;35:*.qt=01;35:*.nuv=01;35:*.wmv=01;35:*.asf=01;35:*.rm=01;35:*.rmvb=01;35:*.flc=01;35:*.avi=01;35:*.fli=01;35:*.flv=01;35:*.gl=01;35:*.dl=01;35:*.xcf=01;35:*.xwd=01;35:*.yuv=01;35:*.cgm=01;35:*.emf=01;35:*.ogv=01;35:*.ogx=01;35:*.aac=00;36:*.au=00;36:*.flac=00;36:*.m4a=00;36:*.mid=00;36:*.midi=00;36:*.mka=00;36:*.mp3=00;36:*.mpc=00;36:*.ogg=00;36:*.ra=00;36:*.wav=00;36:*.oga=00;36:*.opus=00;36:*.spx=00;36:*.xspf=00;36:*~=00;90:*#=00;90:*.bak=00;90:*.crdownload=00;90:*.dpkg-dist=00;90:*.dpkg-new=00;90:*.dpkg-old=00;90:*.dpkg-tmp=00;90:*.old=00;90:*.orig=00;90:*.part=00;90:*.rej=00;90:*.rpmnew=00;90:*.rpmorig=00;90:*.rpmsave=00;90:*.swp=00;90:*.tmp=00;90:*.ucf-dist=00;90:*.ucf-new=00;90:*.ucf-old=00;90:', 'AMENT_PREFIX_PATH': '/opt/ros/jazzy', 'ROS_AUTOMATIC_DISCOVERY_RANGE': 'SUBNET', 'PWD': '/root/milo_ws/build/milo_description', 'LC_ALL': 'C.UTF-8', 'PYTHONPATH': '/opt/ros/jazzy/lib/python3.12/site-packages', 'NVIDIA_VISIBLE_DEVICES': 'all', 'COLCON': '1', 'EDITOR': 'nano', 'CMAKE_PREFIX_PATH': '/opt/ros/jazzy/opt/gz_sim_vendor:/opt/ros/jazzy/opt/gz_sensors_vendor:/opt/ros/jazzy/opt/gz_physics_vendor:/opt/ros/jazzy/opt/sdformat_vendor:/opt/ros/jazzy/opt/gz_gui_vendor:/opt/ros/jazzy/opt/gz_transport_vendor:/opt/ros/jazzy/opt/gz_rendering_vendor:/opt/ros/jazzy/opt/gz_plugin_vendor:/opt/ros/jazzy/opt/gz_fuel_tools_vendor:/opt/ros/jazzy/opt/gz_msgs_vendor:/opt/ros/jazzy/opt/gz_common_vendor:/opt/ros/jazzy/opt/gz_math_vendor:/opt/ros/jazzy/opt/gz_utils_vendor:/opt/ros/jazzy/opt/gz_tools_vendor:/opt/ros/jazzy/opt/gz_ogre_next_vendor:/opt/ros/jazzy/opt/gz_dartsim_vendor:/opt/ros/jazzy/opt/gz_cmake_vendor:/opt/ros/jazzy'}), 'shell': False}
[1.071378] (milo_bringup) CommandEnded: {'returncode': 0}
[1.071881] (milo_bringup) JobProgress: {'identifier': 'milo_bringup', 'progress': 'install'}
[1.072201] (milo_bringup) Command: {'cmd': ['/usr/bin/cmake', '--install', '/root/milo_ws/build/milo_bringup'], 'cwd': '/root/milo_ws/build/milo_bringup', 'env': OrderedDict({'PYTHONBUFFERED': '1', 'GZ_SIM_RESOURCE_PATH': '/opt/ros/jazzy/share', 'GZ_CONFIG_PATH': '/opt/ros/jazzy/opt/gz_sim_vendor/share/gz:/opt/ros/jazzy/opt/sdformat_vendor/share/gz:/opt/ros/jazzy/opt/gz_gui_vendor/share/gz:/opt/ros/jazzy/opt/gz_transport_vendor/share/gz:/opt/ros/jazzy/opt/gz_rendering_vendor/share/gz:/opt/ros/jazzy/opt/gz_plugin_vendor/share/gz:/opt/ros/jazzy/opt/gz_fuel_tools_vendor/share/gz:/opt/ros/jazzy/opt/gz_msgs_vendor/share/gz:/opt/ros/jazzy/opt/gz_common_vendor/share/gz', 'HOSTNAME': 'james-Legion-5-16IRX9', 'SHLVL': '1', 'LD_LIBRARY_PATH': '/opt/ros/jazzy/opt/gz_sim_vendor/lib:/opt/ros/jazzy/opt/gz_sensors_vendor/lib:/opt/ros/jazzy/opt/gz_physics_vendor/lib:/opt/ros/jazzy/opt/sdformat_vendor/lib:/opt/ros/jazzy/opt/rviz_ogre_vendor/lib:/opt/ros/jazzy/lib/x86_64-linux-gnu:/opt/ros/jazzy/opt/gz_gui_vendor/lib:/opt/ros/jazzy/opt/gz_transport_vendor/lib:/opt/ros/jazzy/opt/gz_rendering_vendor/lib:/opt/ros/jazzy/opt/gz_plugin_vendor/lib:/opt/ros/jazzy/opt/gz_fuel_tools_vendor/lib:/opt/ros/jazzy/opt/gz_msgs_vendor/lib:/opt/ros/jazzy/opt/gz_common_vendor/lib:/opt/ros/jazzy/opt/gz_math_vendor/lib:/opt/ros/jazzy/opt/gz_utils_vendor/lib:/opt/ros/jazzy/opt/gz_tools_vendor/lib:/opt/ros/jazzy/opt/gz_ogre_next_vendor/lib:/opt/ros/jazzy/opt/gz_dartsim_vendor/lib:/opt/ros/jazzy/opt/gz_cmake_vendor/lib:/opt/ros/jazzy/lib', 'HOME': '/root', 'OLDPWD': '/root/milo_ws/src', 'ROS_PYTHON_VERSION': '3', 'ROS_DISTRO': 'jazzy', '_': '/usr/bin/colcon', 'ROS_VERSION': '2', 'NVIDIA_DRIVER_CAPABILITIES': 'graphics', 'TERM': 'xterm', 'QT_X11_NO_MITSHM': '1', 'PATH': '/opt/ros/jazzy/opt/gz_msgs_vendor/bin:/opt/ros/jazzy/opt/gz_tools_vendor/bin:/opt/ros/jazzy/opt/gz_ogre_next_vendor/bin:/opt/ros/jazzy/bin:/usr/local/sbin:/usr/local/bin:/usr/sbin:/usr/bin:/sbin:/bin', 'XDG_RUNTIME_DIR': '/tmp', 'DISPLAY': ':1', 'LANG': 'C.UTF-8', 'LS_COLORS': 'rs=0:di=01;34:ln=01;36:mh=00:pi=40;33:so=01;35:do=01;35:bd=40;33;01:cd=40;33;01:or=40;31;01:mi=00:su=37;41:sg=30;43:ca=00:tw=30;42:ow=34;42:st=37;44:ex=01;32:*.tar=01;31:*.tgz=01;31:*.arc=01;31:*.arj=01;31:*.taz=01;31:*.lha=01;31:*.lz4=01;31:*.lzh=01;31:*.lzma=01;31:*.tlz=01;31:*.txz=01;31:*.tzo=01;31:*.t7z=01;31:*.zip=01;31:*.z=01;31:*.dz=01;31:*.gz=01;31:*.lrz=01;31:*.lz=01;31:*.lzo=01;31:*.xz=01;31:*.zst=01;31:*.tzst=01;31:*.bz2=01;31:*.bz=01;31:*.tbz=01;31:*.tbz2=01;31:*.tz=01;31:*.deb=01;31:*.rpm=01;31:*.jar=01;31:*.war=01;31:*.ear=01;31:*.sar=01;31:*.rar=01;31:*.alz=01;31:*.ace=01;31:*.zoo=01;31:*.cpio=01;31:*.7z=01;31:*.rz=01;31:*.cab=01;31:*.wim=01;31:*.swm=01;31:*.dwm=01;31:*.esd=01;31:*.avif=01;35:*.jpg=01;35:*.jpeg=01;35:*.mjpg=01;35:*.mjpeg=01;35:*.gif=01;35:*.bmp=01;35:*.pbm=01;35:*.pgm=01;35:*.ppm=01;35:*.tga=01;35:*.xbm=01;35:*.xpm=01;35:*.tif=01;35:*.tiff=01;35:*.png=01;35:*.svg=01;35:*.svgz=01;35:*.mng=01;35:*.pcx=01;35:*.mov=01;35:*.mpg=01;35:*.mpeg=01;35:*.m2v=01;35:*.mkv=01;35:*.webm=01;35:*.webp=01;35:*.ogm=01;35:*.mp4=01;35:*.m4v=01;35:*.mp4v=01;35:*.vob=01;35:*.qt=01;35:*.nuv=01;35:*.wmv=01;35:*.asf=01;35:*.rm=01;35:*.rmvb=01;35:*.flc=01;35:*.avi=01;35:*.fli=01;35:*.flv=01;35:*.gl=01;35:*.dl=01;35:*.xcf=01;35:*.xwd=01;35:*.yuv=01;35:*.cgm=01;35:*.emf=01;35:*.ogv=01;35:*.ogx=01;35:*.aac=00;36:*.au=00;36:*.flac=00;36:*.m4a=00;36:*.mid=00;36:*.midi=00;36:*.mka=00;36:*.mp3=00;36:*.mpc=00;36:*.ogg=00;36:*.ra=00;36:*.wav=00;36:*.oga=00;36:*.opus=00;36:*.spx=00;36:*.xspf=00;36:*~=00;90:*#=00;90:*.bak=00;90:*.crdownload=00;90:*.dpkg-dist=00;90:*.dpkg-new=00;90:*.dpkg-old=00;90:*.dpkg-tmp=00;90:*.old=00;90:*.orig=00;90:*.part=00;90:*.rej=00;90:*.rpmnew=00;90:*.rpmorig=00;90:*.rpmsave=00;90:*.swp=00;90:*.tmp=00;90:*.ucf-dist=00;90:*.ucf-new=00;90:*.ucf-old=00;90:', 'AMENT_PREFIX_PATH': '/opt/ros/jazzy', 'ROS_AUTOMATIC_DISCOVERY_RANGE': 'SUBNET', 'PWD': '/root/milo_ws/build/milo_bringup', 'LC_ALL': 'C.UTF-8', 'PYTHONPATH': '/opt/ros/jazzy/lib/python3.12/site-packages', 'NVIDIA_VISIBLE_DEVICES': 'all', 'COLCON': '1', 'EDITOR': 'nano', 'CMAKE_PREFIX_PATH': '/opt/ros/jazzy/opt/gz_sim_vendor:/opt/ros/jazzy/opt/gz_sensors_vendor:/opt/ros/jazzy/opt/gz_physics_vendor:/opt/ros/jazzy/opt/sdformat_vendor:/opt/ros/jazzy/opt/gz_gui_vendor:/opt/ros/jazzy/opt/gz_transport_vendor:/opt/ros/jazzy/opt/gz_rendering_vendor:/opt/ros/jazzy/opt/gz_plugin_vendor:/opt/ros/jazzy/opt/gz_fuel_tools_vendor:/opt/ros/jazzy/opt/gz_msgs_vendor:/opt/ros/jazzy/opt/gz_common_vendor:/opt/ros/jazzy/opt/gz_math_vendor:/opt/ros/jazzy/opt/gz_utils_vendor:/opt/ros/jazzy/opt/gz_tools_vendor:/opt/ros/jazzy/opt/gz_ogre_next_vendor:/opt/ros/jazzy/opt/gz_dartsim_vendor:/opt/ros/jazzy/opt/gz_cmake_vendor:/opt/ros/jazzy'}), 'shell': False}
[1.073741] (milo_simulation) StdoutLine: {'line': b'-- Install configuration: ""\n'}
[1.073866] (milo_simulation) StdoutLine: {'line': b'-- Installing: /root/milo_ws/install/milo_simulation/share/milo_simulation/environment/pythonpath.sh\n'}
[1.073955] (milo_simulation) StdoutLine: {'line': b'-- Installing: /root/milo_ws/install/milo_simulation/share/milo_simulation/environment/pythonpath.dsv\n'}
[1.074053] (milo_simulation) StdoutLine: {'line': b'-- Installing: /root/milo_ws/install/milo_simulation/lib/python3.12/site-packages/milo_simulation-0.0.0-py3.12.egg-info\n'}
[1.074137] (milo_simulation) StdoutLine: {'line': b'-- Installing: /root/milo_ws/install/milo_simulation/lib/python3.12/site-packages/milo_simulation-0.0.0-py3.12.egg-info/top_level.txt\n'}
[1.074202] (milo_simulation) StdoutLine: {'line': b'-- Installing: /root/milo_ws/install/milo_simulation/lib/python3.12/site-packages/milo_simulation-0.0.0-py3.12.egg-info/dependency_links.txt\n'}
[1.074264] (milo_simulation) StdoutLine: {'line': b'-- Installing: /root/milo_ws/install/milo_simulation/lib/python3.12/site-packages/milo_simulation-0.0.0-py3.12.egg-info/SOURCES.txt\n'}
[1.074326] (milo_simulation) StdoutLine: {'line': b'-- Installing: /root/milo_ws/install/milo_simulation/lib/python3.12/site-packages/milo_simulation-0.0.0-py3.12.egg-info/PKG-INFO\n'}
[1.074385] (milo_simulation) StdoutLine: {'line': b'-- Installing: /root/milo_ws/install/milo_simulation/lib/python3.12/site-packages/milo_simulation\n'}
[1.074450] (milo_simulation) StdoutLine: {'line': b'-- Installing: /root/milo_ws/install/milo_simulation/lib/python3.12/site-packages/milo_simulation/__init__.py\n'}
[1.075215] (milo_description) StdoutLine: {'line': b'-- Install configuration: ""\n'}
[1.075313] (milo_description) StdoutLine: {'line': b'-- Installing: /root/milo_ws/install/milo_description/share/milo_description/environment/pythonpath.sh\n'}
[1.075396] (milo_description) StdoutLine: {'line': b'-- Installing: /root/milo_ws/install/milo_description/share/milo_description/environment/pythonpath.dsv\n'}
[1.075465] (milo_description) StdoutLine: {'line': b'-- Installing: /root/milo_ws/install/milo_description/lib/python3.12/site-packages/milo_description-0.0.0-py3.12.egg-info\n'}
[1.075527] (milo_description) StdoutLine: {'line': b'-- Installing: /root/milo_ws/install/milo_description/lib/python3.12/site-packages/milo_description-0.0.0-py3.12.egg-info/top_level.txt\n'}
[1.075587] (milo_description) StdoutLine: {'line': b'-- Installing: /root/milo_ws/install/milo_description/lib/python3.12/site-packages/milo_description-0.0.0-py3.12.egg-info/dependency_links.txt\n'}
[1.075650] (milo_description) StdoutLine: {'line': b'-- Installing: /root/milo_ws/install/milo_description/lib/python3.12/site-packages/milo_description-0.0.0-py3.12.egg-info/SOURCES.txt\n'}
[1.075711] (milo_description) StdoutLine: {'line': b'-- Installing: /root/milo_ws/install/milo_description/lib/python3.12/site-packages/milo_description-0.0.0-py3.12.egg-info/PKG-INFO\n'}
[1.075771] (milo_description) StdoutLine: {'line': b'-- Installing: /root/milo_ws/install/milo_description/lib/python3.12/site-packages/milo_description\n'}
[1.075832] (milo_description) StdoutLine: {'line': b'-- Installing: /root/milo_ws/install/milo_description/lib/python3.12/site-packages/milo_description/__init__.py\n'}
[1.078691] (milo_bringup) StdoutLine: {'line': b'-- Install configuration: ""\n'}
[1.078781] (milo_bringup) StdoutLine: {'line': b'-- Installing: /root/milo_ws/install/milo_bringup/share/milo_bringup/environment/pythonpath.sh\n'}
[1.078872] (milo_bringup) StdoutLine: {'line': b'-- Installing: /root/milo_ws/install/milo_bringup/share/milo_bringup/environment/pythonpath.dsv\n'}
[1.078952] (milo_bringup) StdoutLine: {'line': b'-- Installing: /root/milo_ws/install/milo_bringup/lib/python3.12/site-packages/milo_bringup-0.0.0-py3.12.egg-info\n'}
[1.079027] (milo_bringup) StdoutLine: {'line': b'-- Installing: /root/milo_ws/install/milo_bringup/lib/python3.12/site-packages/milo_bringup-0.0.0-py3.12.egg-info/top_level.txt\n'}
[1.079102] (milo_bringup) StdoutLine: {'line': b'-- Installing: /root/milo_ws/install/milo_bringup/lib/python3.12/site-packages/milo_bringup-0.0.0-py3.12.egg-info/dependency_links.txt\n'}
[1.079175] (milo_bringup) StdoutLine: {'line': b'-- Installing: /root/milo_ws/install/milo_bringup/lib/python3.12/site-packages/milo_bringup-0.0.0-py3.12.egg-info/SOURCES.txt\n'}
[1.079248] (milo_bringup) StdoutLine: {'line': b'-- Installing: /root/milo_ws/install/milo_bringup/lib/python3.12/site-packages/milo_bringup-0.0.0-py3.12.egg-info/PKG-INFO\n'}
[1.079322] (milo_bringup) StdoutLine: {'line': b'-- Installing: /root/milo_ws/install/milo_bringup/lib/python3.12/site-packages/milo_bringup\n'}
[1.079395] (milo_bringup) StdoutLine: {'line': b'-- Installing: /root/milo_ws/install/milo_bringup/lib/python3.12/site-packages/milo_bringup/__init__.py\n'}
[1.095015] (milo_simulation) StdoutLine: {'line': b"Listing '/root/milo_ws/install/milo_simulation/lib/python3.12/site-packages/milo_simulation'...\n"}
[1.095158] (milo_simulation) StdoutLine: {'line': b"Compiling '/root/milo_ws/install/milo_simulation/lib/python3.12/site-packages/milo_simulation/__init__.py'...\n"}
[1.096676] (milo_description) StdoutLine: {'line': b"Listing '/root/milo_ws/install/milo_description/lib/python3.12/site-packages/milo_description'...\n"}
[1.096828] (milo_description) StdoutLine: {'line': b"Compiling '/root/milo_ws/install/milo_description/lib/python3.12/site-packages/milo_description/__init__.py'...\n"}
[1.098146] (milo_simulation) StdoutLine: {'line': b'-- Installing: /root/milo_ws/install/milo_simulation/share/milo_simulation/config\n'}
[1.098332] (milo_simulation) StdoutLine: {'line': b'-- Installing: /root/milo_ws/install/milo_simulation/share/milo_simulation/config/gazebo_params.yaml\n'}
[1.098444] (milo_simulation) StdoutLine: {'line': b'-- Installing: /root/milo_ws/install/milo_simulation/share/milo_simulation/config/view_milo.rviz\n'}
[1.098546] (milo_simulation) StdoutLine: {'line': b'-- Installing: /root/milo_ws/install/milo_simulation/share/milo_simulation/launch\n'}
[1.098631] (milo_simulation) StdoutLine: {'line': b'-- Installing: /root/milo_ws/install/milo_simulation/share/milo_simulation/launch/milo_simulation.launch.py\n'}
[1.098714] (milo_simulation) StdoutLine: {'line': b'-- Installing: /root/milo_ws/install/milo_simulation/share/ament_index/resource_index/package_run_dependencies/milo_simulation\n'}
[1.098802] (milo_simulation) StdoutLine: {'line': b'-- Installing: /root/milo_ws/install/milo_simulation/share/ament_index/resource_index/parent_prefix_path/milo_simulation\n'}
[1.098873] (milo_simulation) StdoutLine: {'line': b'-- Installing: /root/milo_ws/install/milo_simulation/share/milo_simulation/environment/ament_prefix_path.sh\n'}
[1.098937] (milo_simulation) StdoutLine: {'line': b'-- Installing: /root/milo_ws/install/milo_simulation/share/milo_simulation/environment/ament_prefix_path.dsv\n'}
[1.098999] (milo_simulation) StdoutLine: {'line': b'-- Installing: /root/milo_ws/install/milo_simulation/share/milo_simulation/environment/path.sh\n'}
[1.099060] (milo_simulation) StdoutLine: {'line': b'-- Installing: /root/milo_ws/install/milo_simulation/share/milo_simulation/environment/path.dsv\n'}
[1.099145] (milo_simulation) StdoutLine: {'line': b'-- Installing: /root/milo_ws/install/milo_simulation/share/milo_simulation/local_setup.bash\n'}
[1.099207] (milo_simulation) StdoutLine: {'line': b'-- Installing: /root/milo_ws/install/milo_simulation/share/milo_simulation/local_setup.sh\n'}
[1.099266] (milo_simulation) StdoutLine: {'line': b'-- Installing: /root/milo_ws/install/milo_simulation/share/milo_simulation/local_setup.zsh\n'}
[1.099325] (milo_simulation) StdoutLine: {'line': b'-- Installing: /root/milo_ws/install/milo_simulation/share/milo_simulation/local_setup.dsv\n'}
[1.099385] (milo_simulation) StdoutLine: {'line': b'-- Installing: /root/milo_ws/install/milo_simulation/share/milo_simulation/package.dsv\n'}
[1.099447] (milo_simulation) StdoutLine: {'line': b'-- Installing: /root/milo_ws/install/milo_simulation/share/ament_index/resource_index/packages/milo_simulation\n'}
[1.099557] (milo_simulation) StdoutLine: {'line': b'-- Installing: /root/milo_ws/install/milo_simulation/share/milo_simulation/cmake/milo_simulationConfig.cmake\n'}
[1.099602] (milo_simulation) StdoutLine: {'line': b'-- Installing: /root/milo_ws/install/milo_simulation/share/milo_simulation/cmake/milo_simulationConfig-version.cmake\n'}
[1.099636] (milo_simulation) StdoutLine: {'line': b'-- Installing: /root/milo_ws/install/milo_simulation/share/milo_simulation/package.xml\n'}
[1.099667] (milo_bringup) StdoutLine: {'line': b"Listing '/root/milo_ws/install/milo_bringup/lib/python3.12/site-packages/milo_bringup'...\n"}
[1.099702] (milo_bringup) StdoutLine: {'line': b"Compiling '/root/milo_ws/install/milo_bringup/lib/python3.12/site-packages/milo_bringup/__init__.py'...\n"}
[1.099824] (milo_description) StdoutLine: {'line': b'-- Installing: /root/milo_ws/install/milo_description/share/milo_description/config\n'}
[1.100696] (milo_description) StdoutLine: {'line': b'-- Installing: /root/milo_ws/install/milo_description/share/milo_description/config/my_controllers.yaml\n'}
[1.101200] (-) TimerEvent: {}
[1.101360] (milo_description) StdoutLine: {'line': b'-- Installing: /root/milo_ws/install/milo_description/share/milo_description/models\n'}
[1.101416] (milo_description) StdoutLine: {'line': b'-- Installing: /root/milo_ws/install/milo_description/share/milo_description/models/old_xacros\n'}
[1.101509] (milo_description) StdoutLine: {'line': b'-- Installing: /root/milo_ws/install/milo_description/share/milo_description/models/old_xacros/robot.gazebo\n'}
[1.101548] (milo_description) StdoutLine: {'line': b'-- Installing: /root/milo_ws/install/milo_description/share/milo_description/models/old_xacros/diff_drive_control.xacro\n'}
[1.101579] (milo_description) StdoutLine: {'line': b'-- Installing: /root/milo_ws/install/milo_description/share/milo_description/models/old_xacros/new_robot_core.xacro\n'}
[1.101609] (milo_description) StdoutLine: {'line': b'-- Installing: /root/milo_ws/install/milo_description/share/milo_description/models/milo_bot\n'}
[1.101639] (milo_description) StdoutLine: {'line': b'-- Installing: /root/milo_ws/install/milo_description/share/milo_description/models/milo_bot/robot_core.xacro\n'}
[1.101668] (milo_description) StdoutLine: {'line': b'-- Installing: /root/milo_ws/install/milo_description/share/milo_description/models/milo_bot/inertial_macros.xacro\n'}
[1.101697] (milo_description) StdoutLine: {'line': b'-- Installing: /root/milo_ws/install/milo_description/share/milo_description/models/milo_bot/robot.urdf.xacro\n'}
[1.101727] (milo_description) StdoutLine: {'line': b'-- Installing: /root/milo_ws/install/milo_description/share/milo_description/models/milo_bot/camera.xacro\n'}
[1.101755] (milo_description) StdoutLine: {'line': b'-- Installing: /root/milo_ws/install/milo_description/share/milo_description/models/milo_bot/skid_steer_control.xacro\n'}
[1.101783] (milo_description) StdoutLine: {'line': b'-- Installing: /root/milo_ws/install/milo_description/share/milo_description/models/milo_bot/lidar.xacro\n'}
[1.101811] (milo_description) StdoutLine: {'line': b'-- Installing: /root/milo_ws/install/milo_description/share/milo_description/models/milo_bot/ros2_control.xacro\n'}
[1.101839] (milo_description) StdoutLine: {'line': b'-- Installing: /root/milo_ws/install/milo_description/share/milo_description/worlds\n'}
[1.101868] (milo_description) StdoutLine: {'line': b'-- Installing: /root/milo_ws/install/milo_description/share/milo_description/worlds/obstacles.world\n'}
[1.101897] (milo_description) StdoutLine: {'line': b'-- Installing: /root/milo_ws/install/milo_description/share/milo_description/launch\n'}
[1.101925] (milo_description) StdoutLine: {'line': b'-- Installing: /root/milo_ws/install/milo_description/share/milo_description/launch/rsp.launch.py\n'}
[1.101953] (milo_description) StdoutLine: {'line': b'-- Installing: /root/milo_ws/install/milo_description/share/milo_description/launch/milo_description.launch.py\n'}
[1.101982] (milo_description) StdoutLine: {'line': b'-- Installing: /root/milo_ws/install/milo_description/share/ament_index/resource_index/package_run_dependencies/milo_description\n'}
[1.102011] (milo_description) StdoutLine: {'line': b'-- Installing: /root/milo_ws/install/milo_description/share/ament_index/resource_index/parent_prefix_path/milo_description\n'}
[1.102039] (milo_description) StdoutLine: {'line': b'-- Installing: /root/milo_ws/install/milo_description/share/milo_description/environment/ament_prefix_path.sh\n'}
[1.102069] (milo_description) StdoutLine: {'line': b'-- Installing: /root/milo_ws/install/milo_description/share/milo_description/environment/ament_prefix_path.dsv\n'}
[1.102097] (milo_description) StdoutLine: {'line': b'-- Installing: /root/milo_ws/install/milo_description/share/milo_description/environment/path.sh\n'}
[1.102125] (milo_description) StdoutLine: {'line': b'-- Installing: /root/milo_ws/install/milo_description/share/milo_description/environment/path.dsv\n'}
[1.102153] (milo_description) StdoutLine: {'line': b'-- Installing: /root/milo_ws/install/milo_description/share/milo_description/local_setup.bash\n'}
[1.102182] (milo_description) StdoutLine: {'line': b'-- Installing: /root/milo_ws/install/milo_description/share/milo_description/local_setup.sh\n'}
[1.102211] (milo_description) StdoutLine: {'line': b'-- Installing: /root/milo_ws/install/milo_description/share/milo_description/local_setup.zsh\n'}
[1.102241] (milo_description) StdoutLine: {'line': b'-- Installing: /root/milo_ws/install/milo_description/share/milo_description/local_setup.dsv\n'}
[1.102270] (milo_description) StdoutLine: {'line': b'-- Installing: /root/milo_ws/install/milo_description/share/milo_description/package.dsv\n'}
[1.102300] (milo_description) StdoutLine: {'line': b'-- Installing: /root/milo_ws/install/milo_description/share/ament_index/resource_index/packages/milo_description\n'}
[1.102328] (milo_description) StdoutLine: {'line': b'-- Installing: /root/milo_ws/install/milo_description/share/milo_description/cmake/milo_descriptionConfig.cmake\n'}
[1.102355] (milo_description) StdoutLine: {'line': b'-- Installing: /root/milo_ws/install/milo_description/share/milo_description/cmake/milo_descriptionConfig-version.cmake\n'}
[1.102383] (milo_description) StdoutLine: {'line': b'-- Installing: /root/milo_ws/install/milo_description/share/milo_description/package.xml\n'}
[1.102477] (milo_bringup) StdoutLine: {'line': b'-- Installing: /root/milo_ws/install/milo_bringup/share/milo_bringup/launch\n'}
[1.102572] (milo_bringup) StdoutLine: {'line': b'-- Installing: /root/milo_ws/install/milo_bringup/share/milo_bringup/launch/milo_bringup.launch.py\n'}
[1.102604] (milo_bringup) StdoutLine: {'line': b'-- Installing: /root/milo_ws/install/milo_bringup/share/ament_index/resource_index/package_run_dependencies/milo_bringup\n'}
[1.102664] (milo_bringup) StdoutLine: {'line': b'-- Installing: /root/milo_ws/install/milo_bringup/share/ament_index/resource_index/parent_prefix_path/milo_bringup\n'}
[1.102693] (milo_bringup) StdoutLine: {'line': b'-- Installing: /root/milo_ws/install/milo_bringup/share/milo_bringup/environment/ament_prefix_path.sh\n'}
[1.102721] (milo_bringup) StdoutLine: {'line': b'-- Installing: /root/milo_ws/install/milo_bringup/share/milo_bringup/environment/ament_prefix_path.dsv\n'}
[1.102749] (milo_bringup) StdoutLine: {'line': b'-- Installing: /root/milo_ws/install/milo_bringup/share/milo_bringup/environment/path.sh\n'}
[1.102777] (milo_bringup) StdoutLine: {'line': b'-- Installing: /root/milo_ws/install/milo_bringup/share/milo_bringup/environment/path.dsv\n'}
[1.102805] (milo_bringup) StdoutLine: {'line': b'-- Installing: /root/milo_ws/install/milo_bringup/share/milo_bringup/local_setup.bash\n'}
[1.102833] (milo_bringup) StdoutLine: {'line': b'-- Installing: /root/milo_ws/install/milo_bringup/share/milo_bringup/local_setup.sh\n'}
[1.102859] (milo_bringup) StdoutLine: {'line': b'-- Installing: /root/milo_ws/install/milo_bringup/share/milo_bringup/local_setup.zsh\n'}
[1.102887] (milo_bringup) StdoutLine: {'line': b'-- Installing: /root/milo_ws/install/milo_bringup/share/milo_bringup/local_setup.dsv\n'}
[1.102915] (milo_bringup) StdoutLine: {'line': b'-- Installing: /root/milo_ws/install/milo_bringup/share/milo_bringup/package.dsv\n'}
[1.102942] (milo_bringup) StdoutLine: {'line': b'-- Installing: /root/milo_ws/install/milo_bringup/share/ament_index/resource_index/packages/milo_bringup\n'}
[1.102970] (milo_bringup) StdoutLine: {'line': b'-- Installing: /root/milo_ws/install/milo_bringup/share/milo_bringup/cmake/milo_bringupConfig.cmake\n'}
[1.102998] (milo_bringup) StdoutLine: {'line': b'-- Installing: /root/milo_ws/install/milo_bringup/share/milo_bringup/cmake/milo_bringupConfig-version.cmake\n'}
[1.103025] (milo_bringup) StdoutLine: {'line': b'-- Installing: /root/milo_ws/install/milo_bringup/share/milo_bringup/package.xml\n'}
[1.103229] (milo_simulation) CommandEnded: {'returncode': 0}
[1.114804] (milo_simulation) JobEnded: {'identifier': 'milo_simulation', 'rc': 0}
[1.116396] (milo_bringup) CommandEnded: {'returncode': 0}
[1.128141] (milo_bringup) JobEnded: {'identifier': 'milo_bringup', 'rc': 0}
[1.128997] (milo_description) CommandEnded: {'returncode': 0}
[1.141111] (milo_description) JobEnded: {'identifier': 'milo_description', 'rc': 0}
[1.201416] (-) TimerEvent: {}
[1.301825] (-) TimerEvent: {}
[1.402190] (-) TimerEvent: {}
[1.502546] (-) TimerEvent: {}
[1.602839] (-) TimerEvent: {}
[1.703200] (-) TimerEvent: {}
[1.803431] (-) TimerEvent: {}
[1.903689] (-) TimerEvent: {}
[2.003932] (-) TimerEvent: {}
[2.104292] (-) TimerEvent: {}
[2.204636] (-) TimerEvent: {}
[2.304883] (-) TimerEvent: {}
[2.405227] (-) TimerEvent: {}
[2.505528] (-) TimerEvent: {}
[2.605745] (-) TimerEvent: {}
[2.705966] (-) TimerEvent: {}
[2.806207] (-) TimerEvent: {}
[2.878518] (example_pkg) StdoutLine: {'line': b'[100%] \x1b[32m\x1b[1mLinking CXX executable example_node_cpp\x1b[0m\n'}
[2.906303] (-) TimerEvent: {}
[2.962211] (example_pkg) StdoutLine: {'line': b'[100%] Built target example_node_cpp\n'}
[2.972087] (example_pkg) CommandEnded: {'returncode': 0}
[2.972976] (example_pkg) JobProgress: {'identifier': 'example_pkg', 'progress': 'install'}
[2.973000] (example_pkg) Command: {'cmd': ['/usr/bin/cmake', '--install', '/root/milo_ws/build/example_pkg'], 'cwd': '/root/milo_ws/build/example_pkg', 'env': OrderedDict({'PYTHONBUFFERED': '1', 'GZ_SIM_RESOURCE_PATH': '/opt/ros/jazzy/share', 'GZ_CONFIG_PATH': '/opt/ros/jazzy/opt/gz_sim_vendor/share/gz:/opt/ros/jazzy/opt/sdformat_vendor/share/gz:/opt/ros/jazzy/opt/gz_gui_vendor/share/gz:/opt/ros/jazzy/opt/gz_transport_vendor/share/gz:/opt/ros/jazzy/opt/gz_rendering_vendor/share/gz:/opt/ros/jazzy/opt/gz_plugin_vendor/share/gz:/opt/ros/jazzy/opt/gz_fuel_tools_vendor/share/gz:/opt/ros/jazzy/opt/gz_msgs_vendor/share/gz:/opt/ros/jazzy/opt/gz_common_vendor/share/gz', 'HOSTNAME': 'james-Legion-5-16IRX9', 'SHLVL': '1', 'LD_LIBRARY_PATH': '/opt/ros/jazzy/opt/gz_sim_vendor/lib:/opt/ros/jazzy/opt/gz_sensors_vendor/lib:/opt/ros/jazzy/opt/gz_physics_vendor/lib:/opt/ros/jazzy/opt/sdformat_vendor/lib:/opt/ros/jazzy/opt/rviz_ogre_vendor/lib:/opt/ros/jazzy/lib/x86_64-linux-gnu:/opt/ros/jazzy/opt/gz_gui_vendor/lib:/opt/ros/jazzy/opt/gz_transport_vendor/lib:/opt/ros/jazzy/opt/gz_rendering_vendor/lib:/opt/ros/jazzy/opt/gz_plugin_vendor/lib:/opt/ros/jazzy/opt/gz_fuel_tools_vendor/lib:/opt/ros/jazzy/opt/gz_msgs_vendor/lib:/opt/ros/jazzy/opt/gz_common_vendor/lib:/opt/ros/jazzy/opt/gz_math_vendor/lib:/opt/ros/jazzy/opt/gz_utils_vendor/lib:/opt/ros/jazzy/opt/gz_tools_vendor/lib:/opt/ros/jazzy/opt/gz_ogre_next_vendor/lib:/opt/ros/jazzy/opt/gz_dartsim_vendor/lib:/opt/ros/jazzy/opt/gz_cmake_vendor/lib:/opt/ros/jazzy/lib', 'HOME': '/root', 'OLDPWD': '/root/milo_ws/src', 'ROS_PYTHON_VERSION': '3', 'ROS_DISTRO': 'jazzy', '_': '/usr/bin/colcon', 'ROS_VERSION': '2', 'NVIDIA_DRIVER_CAPABILITIES': 'graphics', 'TERM': 'xterm', 'QT_X11_NO_MITSHM': '1', 'PATH': '/opt/ros/jazzy/opt/gz_msgs_vendor/bin:/opt/ros/jazzy/opt/gz_tools_vendor/bin:/opt/ros/jazzy/opt/gz_ogre_next_vendor/bin:/opt/ros/jazzy/bin:/usr/local/sbin:/usr/local/bin:/usr/sbin:/usr/bin:/sbin:/bin', 'XDG_RUNTIME_DIR': '/tmp', 'DISPLAY': ':1', 'LANG': 'C.UTF-8', 'LS_COLORS': 'rs=0:di=01;34:ln=01;36:mh=00:pi=40;33:so=01;35:do=01;35:bd=40;33;01:cd=40;33;01:or=40;31;01:mi=00:su=37;41:sg=30;43:ca=00:tw=30;42:ow=34;42:st=37;44:ex=01;32:*.tar=01;31:*.tgz=01;31:*.arc=01;31:*.arj=01;31:*.taz=01;31:*.lha=01;31:*.lz4=01;31:*.lzh=01;31:*.lzma=01;31:*.tlz=01;31:*.txz=01;31:*.tzo=01;31:*.t7z=01;31:*.zip=01;31:*.z=01;31:*.dz=01;31:*.gz=01;31:*.lrz=01;31:*.lz=01;31:*.lzo=01;31:*.xz=01;31:*.zst=01;31:*.tzst=01;31:*.bz2=01;31:*.bz=01;31:*.tbz=01;31:*.tbz2=01;31:*.tz=01;31:*.deb=01;31:*.rpm=01;31:*.jar=01;31:*.war=01;31:*.ear=01;31:*.sar=01;31:*.rar=01;31:*.alz=01;31:*.ace=01;31:*.zoo=01;31:*.cpio=01;31:*.7z=01;31:*.rz=01;31:*.cab=01;31:*.wim=01;31:*.swm=01;31:*.dwm=01;31:*.esd=01;31:*.avif=01;35:*.jpg=01;35:*.jpeg=01;35:*.mjpg=01;35:*.mjpeg=01;35:*.gif=01;35:*.bmp=01;35:*.pbm=01;35:*.pgm=01;35:*.ppm=01;35:*.tga=01;35:*.xbm=01;35:*.xpm=01;35:*.tif=01;35:*.tiff=01;35:*.png=01;35:*.svg=01;35:*.svgz=01;35:*.mng=01;35:*.pcx=01;35:*.mov=01;35:*.mpg=01;35:*.mpeg=01;35:*.m2v=01;35:*.mkv=01;35:*.webm=01;35:*.webp=01;35:*.ogm=01;35:*.mp4=01;35:*.m4v=01;35:*.mp4v=01;35:*.vob=01;35:*.qt=01;35:*.nuv=01;35:*.wmv=01;35:*.asf=01;35:*.rm=01;35:*.rmvb=01;35:*.flc=01;35:*.avi=01;35:*.fli=01;35:*.flv=01;35:*.gl=01;35:*.dl=01;35:*.xcf=01;35:*.xwd=01;35:*.yuv=01;35:*.cgm=01;35:*.emf=01;35:*.ogv=01;35:*.ogx=01;35:*.aac=00;36:*.au=00;36:*.flac=00;36:*.m4a=00;36:*.mid=00;36:*.midi=00;36:*.mka=00;36:*.mp3=00;36:*.mpc=00;36:*.ogg=00;36:*.ra=00;36:*.wav=00;36:*.oga=00;36:*.opus=00;36:*.spx=00;36:*.xspf=00;36:*~=00;90:*#=00;90:*.bak=00;90:*.crdownload=00;90:*.dpkg-dist=00;90:*.dpkg-new=00;90:*.dpkg-old=00;90:*.dpkg-tmp=00;90:*.old=00;90:*.orig=00;90:*.part=00;90:*.rej=00;90:*.rpmnew=00;90:*.rpmorig=00;90:*.rpmsave=00;90:*.swp=00;90:*.tmp=00;90:*.ucf-dist=00;90:*.ucf-new=00;90:*.ucf-old=00;90:', 'AMENT_PREFIX_PATH': '/opt/ros/jazzy', 'ROS_AUTOMATIC_DISCOVERY_RANGE': 'SUBNET', 'PWD': '/root/milo_ws/build/example_pkg', 'LC_ALL': 'C.UTF-8', 'PYTHONPATH': '/opt/ros/jazzy/lib/python3.12/site-packages', 'NVIDIA_VISIBLE_DEVICES': 'all', 'COLCON': '1', 'EDITOR': 'nano', 'CMAKE_PREFIX_PATH': '/opt/ros/jazzy/opt/gz_sim_vendor:/opt/ros/jazzy/opt/gz_sensors_vendor:/opt/ros/jazzy/opt/gz_physics_vendor:/opt/ros/jazzy/opt/sdformat_vendor:/opt/ros/jazzy/opt/gz_gui_vendor:/opt/ros/jazzy/opt/gz_transport_vendor:/opt/ros/jazzy/opt/gz_rendering_vendor:/opt/ros/jazzy/opt/gz_plugin_vendor:/opt/ros/jazzy/opt/gz_fuel_tools_vendor:/opt/ros/jazzy/opt/gz_msgs_vendor:/opt/ros/jazzy/opt/gz_common_vendor:/opt/ros/jazzy/opt/gz_math_vendor:/opt/ros/jazzy/opt/gz_utils_vendor:/opt/ros/jazzy/opt/gz_tools_vendor:/opt/ros/jazzy/opt/gz_ogre_next_vendor:/opt/ros/jazzy/opt/gz_dartsim_vendor:/opt/ros/jazzy/opt/gz_cmake_vendor:/opt/ros/jazzy'}), 'shell': False}
[2.977431] (example_pkg) StdoutLine: {'line': b'-- Install configuration: ""\n'}
[2.977566] (example_pkg) StdoutLine: {'line': b'-- Installing: /root/milo_ws/install/example_pkg/lib/example_pkg/example_node_cpp\n'}
[2.977944] (example_pkg) StdoutLine: {'line': b'-- Set non-toolchain portion of runtime path of "/root/milo_ws/install/example_pkg/lib/example_pkg/example_node_cpp" to ""\n'}
[2.978087] (example_pkg) StdoutLine: {'line': b'-- Installing: /root/milo_ws/install/example_pkg/share/example_pkg/environment/pythonpath.sh\n'}
[2.978186] (example_pkg) StdoutLine: {'line': b'-- Installing: /root/milo_ws/install/example_pkg/share/example_pkg/environment/pythonpath.dsv\n'}
[2.978245] (example_pkg) StdoutLine: {'line': b'-- Installing: /root/milo_ws/install/example_pkg/lib/python3.12/site-packages/example_pkg-0.0.0-py3.12.egg-info\n'}
[2.978302] (example_pkg) StdoutLine: {'line': b'-- Installing: /root/milo_ws/install/example_pkg/lib/python3.12/site-packages/example_pkg-0.0.0-py3.12.egg-info/top_level.txt\n'}
[2.978358] (example_pkg) StdoutLine: {'line': b'-- Installing: /root/milo_ws/install/example_pkg/lib/python3.12/site-packages/example_pkg-0.0.0-py3.12.egg-info/dependency_links.txt\n'}
[2.978413] (example_pkg) StdoutLine: {'line': b'-- Installing: /root/milo_ws/install/example_pkg/lib/python3.12/site-packages/example_pkg-0.0.0-py3.12.egg-info/SOURCES.txt\n'}
[2.978473] (example_pkg) StdoutLine: {'line': b'-- Installing: /root/milo_ws/install/example_pkg/lib/python3.12/site-packages/example_pkg-0.0.0-py3.12.egg-info/PKG-INFO\n'}
[2.978560] (example_pkg) StdoutLine: {'line': b'-- Installing: /root/milo_ws/install/example_pkg/lib/python3.12/site-packages/example_pkg\n'}
[2.978616] (example_pkg) StdoutLine: {'line': b'-- Installing: /root/milo_ws/install/example_pkg/lib/python3.12/site-packages/example_pkg/module_to_import.py\n'}
[2.978671] (example_pkg) StdoutLine: {'line': b'-- Installing: /root/milo_ws/install/example_pkg/lib/python3.12/site-packages/example_pkg/__init__.py\n'}
[3.001028] (example_pkg) StdoutLine: {'line': b"Listing '/root/milo_ws/install/example_pkg/lib/python3.12/site-packages/example_pkg'...\n"}
[3.001160] (example_pkg) StdoutLine: {'line': b"Compiling '/root/milo_ws/install/example_pkg/lib/python3.12/site-packages/example_pkg/__init__.py'...\n"}
[3.001223] (example_pkg) StdoutLine: {'line': b"Compiling '/root/milo_ws/install/example_pkg/lib/python3.12/site-packages/example_pkg/module_to_import.py'...\n"}
[3.004059] (example_pkg) StdoutLine: {'line': b'-- Installing: /root/milo_ws/install/example_pkg/lib/example_pkg/example_node_py.py\n'}
[3.004224] (example_pkg) StdoutLine: {'line': b'-- Installing: /root/milo_ws/install/example_pkg/share/ament_index/resource_index/package_run_dependencies/example_pkg\n'}
[3.004317] (example_pkg) StdoutLine: {'line': b'-- Installing: /root/milo_ws/install/example_pkg/share/ament_index/resource_index/parent_prefix_path/example_pkg\n'}
[3.004395] (example_pkg) StdoutLine: {'line': b'-- Installing: /root/milo_ws/install/example_pkg/share/example_pkg/environment/ament_prefix_path.sh\n'}
[3.004456] (example_pkg) StdoutLine: {'line': b'-- Installing: /root/milo_ws/install/example_pkg/share/example_pkg/environment/ament_prefix_path.dsv\n'}
[3.004517] (example_pkg) StdoutLine: {'line': b'-- Installing: /root/milo_ws/install/example_pkg/share/example_pkg/environment/path.sh\n'}
[3.004573] (example_pkg) StdoutLine: {'line': b'-- Installing: /root/milo_ws/install/example_pkg/share/example_pkg/environment/path.dsv\n'}
[3.004628] (example_pkg) StdoutLine: {'line': b'-- Installing: /root/milo_ws/install/example_pkg/share/example_pkg/local_setup.bash\n'}
[3.004683] (example_pkg) StdoutLine: {'line': b'-- Installing: /root/milo_ws/install/example_pkg/share/example_pkg/local_setup.sh\n'}
[3.004737] (example_pkg) StdoutLine: {'line': b'-- Installing: /root/milo_ws/install/example_pkg/share/example_pkg/local_setup.zsh\n'}
[3.004792] (example_pkg) StdoutLine: {'line': b'-- Installing: /root/milo_ws/install/example_pkg/share/example_pkg/local_setup.dsv\n'}
[3.004846] (example_pkg) StdoutLine: {'line': b'-- Installing: /root/milo_ws/install/example_pkg/share/example_pkg/package.dsv\n'}
[3.004901] (example_pkg) StdoutLine: {'line': b'-- Installing: /root/milo_ws/install/example_pkg/share/ament_index/resource_index/packages/example_pkg\n'}
[3.004956] (example_pkg) StdoutLine: {'line': b'-- Installing: /root/milo_ws/install/example_pkg/share/example_pkg/cmake/example_pkgConfig.cmake\n'}
[3.005011] (example_pkg) StdoutLine: {'line': b'-- Installing: /root/milo_ws/install/example_pkg/share/example_pkg/cmake/example_pkgConfig-version.cmake\n'}
[3.005065] (example_pkg) StdoutLine: {'line': b'-- Installing: /root/milo_ws/install/example_pkg/share/example_pkg/package.xml\n'}
[3.005972] (example_pkg) CommandEnded: {'returncode': 0}
[3.006472] (-) TimerEvent: {}
[3.011855] (example_pkg) JobEnded: {'identifier': 'example_pkg', 'rc': 0}
[3.012312] (-) EventReactorShutdown: {}
